testes (3.11, regressoes-b)	Testes novos	﻿2026-10-09T11:59:34.4577779Z ##[group]Run python scripts/executar_testes_ci.py --grupo 'regressoes-b'
testes (3.11, regressoes-b)	Testes novos	2026-10-09T11:59:34.4578348Z [36;1mpython scripts/executar_testes_ci.py --grupo 'regressoes-b'[0m
testes (3.11, regressoes-b)	Testes novos	2026-10-09T11:59:34.4641254Z shell: /usr/bin/bash -e {0}
testes (3.11, regressoes-b)	Testes novos	2026-10-09T11:59:34.4641508Z env:
testes (3.11, regressoes-b)	Testes novos	2026-10-09T11:59:34.4641708Z   OPENBLAS_NUM_THREADS: 1
testes (3.11, regressoes-b)	Testes novos	2026-10-09T11:59:34.4641945Z   OMP_NUM_THREADS: 1
testes (3.11, regressoes-b)	Testes novos	2026-10-09T11:59:34.4642232Z   pythonLocation: /opt/hostedtoolcache/Python/3.11.17/x64
testes (3.11, regressoes-b)	Testes novos	2026-10-09T11:59:34.4642666Z   PKG_CONFIG_PATH: /opt/hostedtoolcache/Python/3.11.17/x64/lib/pkgconfig
testes (3.11, regressoes-b)	Testes novos	2026-10-09T11:59:34.4643087Z   Python_ROOT_DIR: /opt/hostedtoolcache/Python/3.11.17/x64
testes (3.11, regressoes-b)	Testes novos	2026-10-09T11:59:34.4643458Z   Python2_ROOT_DIR: /opt/hostedtoolcache/Python/3.11.17/x64
testes (3.11, regressoes-b)	Testes novos	2026-10-09T11:59:34.4643832Z   Python3_ROOT_DIR: /opt/hostedtoolcache/Python/3.11.17/x64
testes (3.11, regressoes-b)	Testes novos	2026-10-09T11:59:34.4644205Z   LD_LIBRARY_PATH: /opt/hostedtoolcache/Python/3.11.17/x64/lib
testes (3.11, regressoes-b)	Testes novos	2026-10-09T11:59:34.4644537Z ##[endgroup]
testes (3.11, regressoes-b)	Testes novos	2026-10-09T11:59:34.8204239Z Grupo regressoes-b: 628 testes
testes (3.11, regressoes-b)	Testes novos	2026-10-09T11:59:44.4021244Z test_abstencao_sobre_fatos_ausentes_e_negacao (testes_analisador_portugues.TestesQuadrosSemanticos.test_abstencao_sobre_fatos_ausentes_e_negacao) ... ok
testes (3.11, regressoes-b)	Testes novos	2026-10-09T11:59:46.6514622Z test_api_distingue_prova_de_desconhecimento (testes_analisador_portugues.TestesQuadrosSemanticos.test_api_distingue_prova_de_desconhecimento) ... ok
testes (3.11, regressoes-b)	Testes novos	2026-10-09T11:59:52.3899519Z test_comparacao_variando_ordem_e_formulacao (testes_analisador_portugues.TestesQuadrosSemanticos.test_comparacao_variando_ordem_e_formulacao) ... ok
testes (3.11, regressoes-b)	Testes novos	2026-10-09T12:00:03.1111002Z test_extrai_definicao_sem_achar_assunto_vizinho (testes_analisador_portugues.TestesQuadrosSemanticos.test_extrai_definicao_sem_achar_assunto_vizinho) ... ok
testes (3.11, regressoes-b)	Testes novos	2026-10-09T12:00:03.1622180Z test_isolamento_de_bases_customizadas (testes_analisador_portugues.TestesQuadrosSemanticos.test_isolamento_de_bases_customizadas) ... ok
testes (3.11, regressoes-b)	Testes novos	2026-10-09T12:00:03.1645835Z test_parser_generaliza_em_grafo_sintetico (testes_analisador_portugues.TestesQuadrosSemanticos.test_parser_generaliza_em_grafo_sintetico) ... ok
testes (3.11, regressoes-b)	Testes novos	2026-10-09T12:00:13.5154961Z test_partes_orbitas_e_propriedades_sem_inverter_sentido (testes_analisador_portugues.TestesQuadrosSemanticos.test_partes_orbitas_e_propriedades_sem_inverter_sentido) ... ok
testes (3.11, regressoes-b)	Testes novos	2026-10-09T12:00:19.2647922Z test_perguntas_abertas_de_caracteristicas_exigem_prova (testes_analisador_portugues.TestesQuadrosSemanticos.test_perguntas_abertas_de_caracteristicas_exigem_prova) ... ok
testes (3.11, regressoes-b)	Testes novos	2026-10-09T12:00:19.2676353Z test_separa_intencao_e_sujeito_predicado_objeto (testes_analisador_portugues.TestesQuadrosSemanticos.test_separa_intencao_e_sujeito_predicado_objeto) ... ok
testes (3.11, regressoes-b)	Testes novos	2026-10-09T12:00:19.2680755Z test_todas_as_arestas_do_grafo_reusam_a_mesma_gramatica (testes_analisador_portugues.TestesQuadrosSemanticos.test_todas_as_arestas_do_grafo_reusam_a_mesma_gramatica)
testes (3.11, regressoes-b)	Testes novos	2026-10-09T12:00:19.2803155Z Matriz gerada dos FATOS, não uma lista escolhida de perguntas. ... ok
testes (3.11, regressoes-b)	Testes novos	2026-10-09T12:00:27.5984776Z test_variacoes_de_classificacao_em_qualquer_area (testes_analisador_portugues.TestesQuadrosSemanticos.test_variacoes_de_classificacao_em_qualquer_area) ... ok
testes (3.11, regressoes-b)	Testes novos	2026-10-09T12:00:27.5989522Z test_associacao_e_correcao_nao_recebem_diagnostico (testes_argumentos_conversa.TestesArgumentosConversa.test_associacao_e_correcao_nao_recebem_diagnostico) ... ok
testes (3.11, regressoes-b)	Testes novos	2026-10-09T12:00:27.5997246Z test_cena_nao_atualiza_fatos_pessoais (testes_argumentos_conversa.TestesArgumentosConversa.test_cena_nao_atualiza_fatos_pessoais) ... ok
testes (3.11, regressoes-b)	Testes novos	2026-10-09T12:00:27.5998985Z test_citacao_e_factual_nao_criam_objetivos (testes_argumentos_conversa.TestesArgumentosConversa.test_citacao_e_factual_nao_criam_objetivos) ... ok
testes (3.11, regressoes-b)	Testes novos	2026-10-09T12:00:27.6008373Z test_dilema_e_alternativa_conservam_fontes_sem_decidir (testes_argumentos_conversa.TestesArgumentosConversa.test_dilema_e_alternativa_conservam_fontes_sem_decidir) ... ok
testes (3.11, regressoes-b)	Testes novos	2026-10-09T12:00:27.6010508Z test_hipotese_nao_cria_memoria_real (testes_argumentos_conversa.TestesArgumentosConversa.test_hipotese_nao_cria_memoria_real) ... ok
testes (3.11, regressoes-b)	Testes novos	2026-10-09T12:00:27.6017922Z test_isolamento_reset_e_limites (testes_argumentos_conversa.TestesArgumentosConversa.test_isolamento_reset_e_limites) ... ok
testes (3.11, regressoes-b)	Testes novos	2026-10-09T12:00:27.6021472Z test_novo_assunto_e_consulta_factual_nao_repetem_dilema (testes_argumentos_conversa.TestesArgumentosConversa.test_novo_assunto_e_consulta_factual_nao_repetem_dilema) ... ok
testes (3.11, regressoes-b)	Testes novos	2026-10-09T12:00:28.6842880Z test_uma_resposta_um_turno (testes_argumentos_conversa.TestesIntegracaoArgumentos.test_uma_resposta_um_turno) ... ok
testes (3.11, regressoes-b)	Testes novos	2026-10-09T12:00:29.7747716Z test_web_retoma_alternativa_e_nao_declara_prova (testes_argumentos_conversa.TestesIntegracaoArgumentos.test_web_retoma_alternativa_e_nao_declara_prova) ... ok
testes (3.11, regressoes-b)	Testes novos	2026-10-09T12:01:23.4726850Z test_catraca (testes_assunto_tom.TestesAssuntoTom.test_catraca) ... ok
testes (3.11, regressoes-b)	Testes novos	2026-10-09T12:01:23.4763513Z test_noção_negada_não_é_comentada (testes_assunto_tom.TestesAssuntoTom.test_noção_negada_não_é_comentada) ... ok
testes (3.11, regressoes-b)	Testes novos	2026-10-09T12:01:28.2080683Z test_palavra_lateral_não_escolhe_a_resposta (testes_assunto_tom.TestesAssuntoTom.test_palavra_lateral_não_escolhe_a_resposta) ... ok
testes (3.11, regressoes-b)	Testes novos	2026-10-09T12:01:28.2090958Z test_perda_detectada_só_para_alguém (testes_assunto_tom.TestesAssuntoTom.test_perda_detectada_só_para_alguém) ... ok
testes (3.11, regressoes-b)	Testes novos	2026-10-09T12:01:29.3566620Z test_perda_recebe_pêsames (testes_assunto_tom.TestesAssuntoTom.test_perda_recebe_pêsames) ... ok
testes (3.11, regressoes-b)	Testes novos	2026-10-09T12:01:33.8944060Z test_pergunta_do_próprio_assunto_continua_respondida (testes_assunto_tom.TestesAssuntoTom.test_pergunta_do_próprio_assunto_continua_respondida) ... ok
testes (3.11, regressoes-b)	Testes novos	2026-10-09T12:01:35.1914899Z test_pergunta_sobre_terceiro_não_vira_pergunta_sobre_o_crivo (testes_assunto_tom.TestesAssuntoTom.test_pergunta_sobre_terceiro_não_vira_pergunta_sobre_o_crivo) ... ok
testes (3.11, regressoes-b)	Testes novos	2026-10-09T12:01:36.3595786Z test_término_não_é_conquista (testes_assunto_tom.TestesAssuntoTom.test_término_não_é_conquista) ... ok
testes (3.11, regressoes-b)	Testes novos	2026-10-09T12:01:45.5762384Z test_alvo_completo_e_ausencia_de_evidencia_nao_aproximados (testes_astronomia_avancada.TestesAstronomiaAvancada.test_alvo_completo_e_ausencia_de_evidencia_nao_aproximados) ... ok
testes (3.11, regressoes-b)	Testes novos	2026-10-09T12:01:45.5866400Z test_consulta_generica_com_conceito_inedito_fora_de_astronomia (testes_astronomia_avancada.TestesAstronomiaAvancada.test_consulta_generica_com_conceito_inedito_fora_de_astronomia) ... ok
testes (3.11, regressoes-b)	Testes novos	2026-10-09T12:02:10.1548251Z test_definicoes_aliases_e_funcionamento_disponiveis_no_motor (testes_astronomia_avancada.TestesAstronomiaAvancada.test_definicoes_aliases_e_funcionamento_disponiveis_no_motor) ... ok
testes (3.11, regressoes-b)	Testes novos	2026-10-09T12:02:12.3698632Z test_evidencias_fontes_e_retomada_do_assunto (testes_astronomia_avancada.TestesAstronomiaAvancada.test_evidencias_fontes_e_retomada_do_assunto) ... ok
testes (3.11, regressoes-b)	Testes novos	2026-10-09T12:02:21.4896497Z test_limites_cientificos_nao_se_convertem_em_conclusoes_indevidas (testes_astronomia_avancada.TestesAstronomiaAvancada.test_limites_cientificos_nao_se_convertem_em_conclusoes_indevidas) ... ok
testes (3.11, regressoes-b)	Testes novos	2026-10-09T12:02:22.5151530Z test_novos_fatos_tem_proveniencia_local_e_fontes_auditadas (testes_astronomia_avancada.TestesAstronomiaAvancada.test_novos_fatos_tem_proveniencia_local_e_fontes_auditadas) ... ok
testes (3.11, regressoes-b)	Testes novos	2026-10-09T12:02:23.5533772Z test_pesos_existentes_continuam_compativeis (testes_astronomia_avancada.TestesAstronomiaAvancada.test_pesos_existentes_continuam_compativeis) ... ok
testes (3.11, regressoes-b)	Testes novos	2026-10-09T12:02:23.5765786Z test_referencia_bibliografica_nao_presume_licenca (testes_astronomia_avancada.TestesAstronomiaAvancada.test_referencia_bibliografica_nao_presume_licenca) ... ok
testes (3.11, regressoes-b)	Testes novos	2026-10-09T12:02:35.2515388Z test_definicoes_individuais_sem_trocar_planetas (testes_astronomia_sistema_solar.TestesSistemaSolar.test_definicoes_individuais_sem_trocar_planetas) ... ok
testes (3.11, regressoes-b)	Testes novos	2026-10-09T12:02:41.1474654Z test_evidencia_causal_legada_nao_se_perde_por_nome_novo (testes_astronomia_sistema_solar.TestesSistemaSolar.test_evidencia_causal_legada_nao_se_perde_por_nome_novo) ... ok
testes (3.11, regressoes-b)	Testes novos	2026-10-09T12:02:42.2987363Z test_exemplo_desconhecido_nao_vira_planeta_real (testes_astronomia_sistema_solar.TestesSistemaSolar.test_exemplo_desconhecido_nao_vira_planeta_real) ... ok
testes (3.11, regressoes-b)	Testes novos	2026-10-09T12:02:42.5069147Z test_exemplos_neurais_nao_duplicam_perguntas_existentes (testes_astronomia_sistema_solar.TestesSistemaSolar.test_exemplos_neurais_nao_duplicam_perguntas_existentes) ... ok
testes (3.11, regressoes-b)	Testes novos	2026-10-09T12:02:42.5281416Z test_oito_planetas_com_mecanismo_origem_e_limites (testes_astronomia_sistema_solar.TestesSistemaSolar.test_oito_planetas_com_mecanismo_origem_e_limites) ... ok
testes (3.11, regressoes-b)	Testes novos	2026-10-09T12:02:55.2091624Z test_origem_e_funcionamento_nao_misturam_conteudos (testes_astronomia_sistema_solar.TestesSistemaSolar.test_origem_e_funcionamento_nao_misturam_conteudos) ... ok
testes (3.11, regressoes-b)	Testes novos	2026-10-09T12:03:01.0710134Z test_sem_perda_das_consultas_anteriores (testes_astronomia_sistema_solar.TestesSistemaSolar.test_sem_perda_das_consultas_anteriores) ... ok
testes (3.11, regressoes-b)	Testes novos	2026-10-09T12:03:04.3943726Z test_api_reconstroi_autoconversa_e_isola_contexto (testes_autoconversa.TestesAutoconversa.test_api_reconstroi_autoconversa_e_isola_contexto) ... ok
testes (3.11, regressoes-b)	Testes novos	2026-10-09T12:03:12.0668072Z test_catalogo_mostra_funcoes_e_conhecimento_ampliado (testes_autoconversa.TestesAutoconversa.test_catalogo_mostra_funcoes_e_conhecimento_ampliado) ... ok
testes (3.11, regressoes-b)	Testes novos	2026-10-09T12:03:12.0830053Z test_catalogo_personalizado_nao_anuncia_dados_ausentes (testes_autoconversa.TestesAutoconversa.test_catalogo_personalizado_nao_anuncia_dados_ausentes) ... ok
testes (3.11, regressoes-b)	Testes novos	2026-10-09T12:03:13.3107918Z test_continuacao_da_autoconversa_e_expiracao (testes_autoconversa.TestesAutoconversa.test_continuacao_da_autoconversa_e_expiracao) ... ok
testes (3.11, regressoes-b)	Testes novos	2026-10-09T12:03:17.4562216Z test_pacote_vercel_com_configuracao_compacta (testes_autoconversa.TestesAutoconversa.test_pacote_vercel_com_configuracao_compacta) ... ok
testes (3.11, regressoes-b)	Testes novos	2026-10-09T12:03:28.9844932Z test_pedidos_informativos_preservam_o_assunto (testes_autoconversa.TestesAutoconversa.test_pedidos_informativos_preservam_o_assunto) ... ok
testes (3.11, regressoes-b)	Testes novos	2026-10-09T12:03:36.9562016Z test_perguntas_pessoais_desconhecidas_nao_recebem_fatos (testes_autoconversa.TestesAutoconversa.test_perguntas_pessoais_desconhecidas_nao_recebem_fatos) ... ok
testes (3.11, regressoes-b)	Testes novos	2026-10-09T12:03:38.1612609Z test_sequencia_das_capturas (testes_autoconversa.TestesAutoconversa.test_sequencia_das_capturas) ... ok
testes (3.11, regressoes-b)	Testes novos	2026-10-09T12:03:45.1987736Z test_tema_de_terceiros_nao_e_autoconversa (testes_autoconversa.TestesAutoconversa.test_tema_de_terceiros_nao_e_autoconversa) ... ok
testes (3.11, regressoes-b)	Testes novos	2026-10-09T12:04:17.7370823Z test_variacoes_sobre_processamento_e_experiencia (testes_autoconversa.TestesAutoconversa.test_variacoes_sobre_processamento_e_experiencia) ... ok
testes (3.11, regressoes-b)	Testes novos	2026-10-09T12:04:17.7377925Z test_caminho_experimental_e_resolvido_sem_substituir_producao (testes_avaliador_checkpoint_experimental.TestesCheckpointExperimental.test_caminho_experimental_e_resolvido_sem_substituir_producao) ... ok
testes (3.11, regressoes-b)	Testes novos	2026-10-09T12:04:17.7380097Z test_checkpoint_inexistente_e_rejeitado (testes_avaliador_checkpoint_experimental.TestesCheckpointExperimental.test_checkpoint_inexistente_e_rejeitado) ... ok
testes (3.11, regressoes-b)	Testes novos	2026-10-09T12:04:17.7433816Z test_corrupcao_e_caminho_externo_nao_criam_destino (testes_backup_treino_drive.TestesBackupDrive.test_corrupcao_e_caminho_externo_nao_criam_destino) ... ok
testes (3.11, regressoes-b)	Testes novos	2026-10-09T12:04:17.7468290Z test_limpeza_preserva_head_mais_novas_e_fixadas (testes_backup_treino_drive.TestesBackupDrive.test_limpeza_preserva_head_mais_novas_e_fixadas) ... ok
testes (3.11, regressoes-b)	Testes novos	2026-10-09T12:04:17.7485498Z test_relatorio_incompativel_impede_upload (testes_backup_treino_drive.TestesBackupDrive.test_relatorio_incompativel_impede_upload) ... ok
testes (3.11, regressoes-b)	Testes novos	2026-10-09T12:04:17.7534890Z test_roundtrip_preserva_todos_bytes_e_nao_sobrescreve (testes_backup_treino_drive.TestesBackupDrive.test_roundtrip_preserva_todos_bytes_e_nao_sobrescreve) ... ok
testes (3.11, regressoes-b)	Testes novos	2026-10-09T12:04:17.7566932Z test_so_apaga_snapshot_antigo_apos_confirmar_novo (testes_backup_treino_drive.TestesBackupDrive.test_so_apaga_snapshot_antigo_apos_confirmar_novo) ... ok
testes (3.11, regressoes-b)	Testes novos	2026-10-09T12:04:17.7611997Z test_upload_falho_ou_checksum_diferente_preservam_anteriores (testes_backup_treino_drive.TestesBackupDrive.test_upload_falho_ou_checksum_diferente_preservam_anteriores) ... ok
testes (3.11, regressoes-b)	Testes novos	2026-10-09T12:04:17.7661098Z test_executar_tudo_nao_inicia_gpu_por_padrao (testes_backup_treino_drive.TestesNotebookRecuperacao.test_executar_tudo_nao_inicia_gpu_por_padrao) ... ok
testes (3.11, regressoes-b)	Testes novos	2026-10-09T12:04:17.7763282Z test_retomada_nao_mistura_inicial_e_adam_e_retry_confirma_backup_primeiro (testes_backup_treino_drive.TestesNotebookRecuperacao.test_retomada_nao_mistura_inicial_e_adam_e_retry_confirma_backup_primeiro) ... ok
testes (3.11, regressoes-b)	Testes novos	2026-10-09T12:04:27.1922671Z test_api_reconstroi_nome_preferencia_e_plano_sem_vazar_sessao (testes_bate_papo.TestesBatePapo.test_api_reconstroi_nome_preferencia_e_plano_sem_vazar_sessao) ... ok
testes (3.11, regressoes-b)	Testes novos	2026-10-09T12:04:29.8075713Z test_comparacao_eliptica_esclarece_do_que_fala (testes_bate_papo.TestesBatePapo.test_comparacao_eliptica_esclarece_do_que_fala) ... ok
testes (3.11, regressoes-b)	Testes novos	2026-10-09T12:04:30.0956291Z test_consultas_sem_interrogacao_e_sem_entrada_exata_durante_relato (testes_bate_papo.TestesBatePapo.test_consultas_sem_interrogacao_e_sem_entrada_exata_durante_relato) ... ok
testes (3.11, regressoes-b)	Testes novos	2026-10-09T12:04:30.0958750Z test_contas_preservam_decimal_unidade_e_qualificadores (testes_bate_papo.TestesBatePapo.test_contas_preservam_decimal_unidade_e_qualificadores) ... ok
testes (3.11, regressoes-b)	Testes novos	2026-10-09T12:04:30.1312371Z test_curriculo_particoes_e_checkpoint_auditaveis (testes_bate_papo.TestesBatePapo.test_curriculo_particoes_e_checkpoint_auditaveis) ... ok
testes (3.11, regressoes-b)	Testes novos	2026-10-09T12:04:35.7237811Z test_declara_nome_nao_faz_busca_factual_ou_normaliza_nome (testes_bate_papo.TestesBatePapo.test_declara_nome_nao_faz_busca_factual_ou_normaliza_nome) ... ok
testes (3.11, regressoes-b)	Testes novos	2026-10-09T12:04:57.2293177Z test_dialogos_completos_com_criterios_independentes_do_treino (testes_bate_papo.TestesBatePapo.test_dialogos_completos_com_criterios_independentes_do_treino) ... ok
testes (3.11, regressoes-b)	Testes novos	2026-10-09T12:05:10.2519119Z test_fatos_codigo_fontes_e_modificadores_preservam_motor (testes_bate_papo.TestesBatePapo.test_fatos_codigo_fontes_e_modificadores_preservam_motor) ... ok
testes (3.11, regressoes-b)	Testes novos	2026-10-09T12:05:11.7821661Z test_inferencia_nao_depende_de_numpy (testes_bate_papo.TestesBatePapo.test_inferencia_nao_depende_de_numpy) ... ok
testes (3.11, regressoes-b)	Testes novos	2026-10-09T12:05:16.4285396Z test_memoria_e_historico_sao_limitados (testes_bate_papo.TestesBatePapo.test_memoria_e_historico_sao_limitados) ... ok
testes (3.11, regressoes-b)	Testes novos	2026-10-09T12:05:17.7815459Z test_negacao_do_objetivo_nao_mantem_objetivo_antigo (testes_bate_papo.TestesBatePapo.test_negacao_do_objetivo_nao_mantem_objetivo_antigo) ... ok
testes (3.11, regressoes-b)	Testes novos	2026-10-09T12:05:20.0936680Z test_premissas_dao_encadeamento_sem_inverter_ou_contaminar_base (testes_bate_papo.TestesBatePapo.test_premissas_dao_encadeamento_sem_inverter_ou_contaminar_base) ... ok
testes (3.11, regressoes-b)	Testes novos	2026-10-09T12:05:20.0952843Z test_premissas_negativas_contradicao_e_ciclo (testes_bate_papo.TestesBatePapo.test_premissas_negativas_contradicao_e_ciclo) ... ok
testes (3.11, regressoes-b)	Testes novos	2026-10-09T12:05:21.3133689Z test_relato_nao_altera_bases_pesos_ou_prova (testes_bate_papo.TestesBatePapo.test_relato_nao_altera_bases_pesos_ou_prova) ... ok
testes (3.11, regressoes-b)	Testes novos	2026-10-09T12:05:22.7817482Z test_trocar_tema_nao_aplica_objetivo_anterior_ao_novo (testes_bate_papo.TestesBatePapo.test_trocar_tema_nao_aplica_objetivo_anterior_ao_novo) ... ok
testes (3.11, regressoes-b)	Testes novos	2026-10-09T12:09:30.7389611Z test_dev (testes_bateria.TestesBateria.test_dev) ... ok
testes (3.11, regressoes-b)	Testes novos	2026-10-09T12:12:22.7035531Z test_retido (testes_bateria.TestesBateria.test_retido) ... ok
testes (3.11, regressoes-b)	Testes novos	2026-10-09T12:12:23.9445785Z test_acha_a_ficha_sem_o_nome (testes_busca_semantica.TestesBuscaNoArbitro.test_acha_a_ficha_sem_o_nome) ... ok
testes (3.11, regressoes-b)	Testes novos	2026-10-09T12:14:02.1783444Z test_catraca_perguntas_sem_o_nome (testes_busca_semantica.TestesBuscaNoArbitro.test_catraca_perguntas_sem_o_nome) ... ok
testes (3.11, regressoes-b)	Testes novos	2026-10-09T12:14:03.3455227Z test_desligada_com_a_leitura (testes_busca_semantica.TestesBuscaNoArbitro.test_desligada_com_a_leitura) ... ok
testes (3.11, regressoes-b)	Testes novos	2026-10-09T12:14:08.0598247Z test_recusas_que_continuam (testes_busca_semantica.TestesBuscaNoArbitro.test_recusas_que_continuam) ... ok
testes (3.11, regressoes-b)	Testes novos	2026-10-09T12:14:09.4173248Z test_resposta_em_terceira_ficha_vem_aproximada (testes_busca_semantica.TestesBuscaNoArbitro.test_resposta_em_terceira_ficha_vem_aproximada) ... ok
testes (3.11, regressoes-b)	Testes novos	2026-10-09T12:14:10.4821060Z test_assunto_dado_restringe_a_ficha (testes_busca_semantica.TestesBuscaSemantica.test_assunto_dado_restringe_a_ficha) ... ok
testes (3.11, regressoes-b)	Testes novos	2026-10-09T12:14:13.5112455Z test_catraca_teste_congelado_v2 (testes_busca_semantica.TestesBuscaSemantica.test_catraca_teste_congelado_v2) ... ok
testes (3.11, regressoes-b)	Testes novos	2026-10-09T12:14:13.6234762Z test_fato_novo_e_achado_sem_retreinar (testes_busca_semantica.TestesBuscaSemantica.test_fato_novo_e_achado_sem_retreinar) ... ok
testes (3.11, regressoes-b)	Testes novos	2026-10-09T12:14:13.6236946Z test_modelo_aprovado_e_so_com_evidencias (testes_busca_semantica.TestesBuscaSemantica.test_modelo_aprovado_e_so_com_evidencias) ... ok
testes (3.11, regressoes-b)	Testes novos	2026-10-09T12:14:13.6531656Z test_pergunta_acha_o_fato_que_responde_e_nao_a_definicao (testes_busca_semantica.TestesBuscaSemantica.test_pergunta_acha_o_fato_que_responde_e_nao_a_definicao) ... ok
testes (3.11, regressoes-b)	Testes novos	2026-10-09T12:14:13.9510908Z test_sem_modelo_a_ordem_e_a_do_bm25 (testes_busca_semantica.TestesBuscaSemantica.test_sem_modelo_a_ordem_e_a_do_bm25) ... ok
testes (3.11, regressoes-b)	Testes novos	2026-10-09T12:14:13.9512836Z test_acerto_tem_prioridade_sobre_sintaxe_e_perda (testes_codigo_real.TestesCodigoReal.test_acerto_tem_prioridade_sobre_sintaxe_e_perda) ... ok
testes (3.11, regressoes-b)	Testes novos	2026-10-09T12:14:13.9532483Z test_arquivo_fixo_licenca_deduplicacao_e_sem_extracao (testes_codigo_real.TestesCodigoReal.test_arquivo_fixo_licenca_deduplicacao_e_sem_extracao) ... ok
testes (3.11, regressoes-b)	Testes novos	2026-10-09T12:14:13.9535822Z test_checkpoint_funcional_nao_e_substituido_por_perda_menor (testes_codigo_real.TestesCodigoReal.test_checkpoint_funcional_nao_e_substituido_por_perda_menor) ... skipped 'Dependências do laboratório opcionais'
testes (3.11, regressoes-b)	Testes novos	2026-10-09T12:14:13.9538606Z test_fontes_excluem_testes_declaracoes_e_solucoes_reservadas (testes_codigo_real.TestesCodigoReal.test_fontes_excluem_testes_declaracoes_e_solucoes_reservadas) ... ok
testes (3.11, regressoes-b)	Testes novos	2026-10-09T12:14:14.0067372Z test_base_customizada_nao_herda_fatos_padrao (testes_composicao_geral.TestesCoordenacaoDefinicional.test_base_customizada_nao_herda_fatos_padrao) ... ok
testes (3.11, regressoes-b)	Testes novos	2026-10-09T12:14:19.6275228Z test_dominios_e_tres_conceitos (testes_composicao_geral.TestesCoordenacaoDefinicional.test_dominios_e_tres_conceitos) ... ok
testes (3.11, regressoes-b)	Testes novos	2026-10-09T12:14:21.9622824Z test_endpoint_e_estado_de_dialogo (testes_composicao_geral.TestesCoordenacaoDefinicional.test_endpoint_e_estado_de_dialogo) ... ok
testes (3.11, regressoes-b)	Testes novos	2026-10-09T12:14:26.4723561Z test_html_css_recebem_duas_definicoes_sem_javascript (testes_composicao_geral.TestesCoordenacaoDefinicional.test_html_css_recebem_duas_definicoes_sem_javascript) ... ok
testes (3.11, regressoes-b)	Testes novos	2026-10-09T12:14:30.8332661Z test_nao_altera_definicoes_simples_com_exemplos (testes_composicao_geral.TestesCoordenacaoDefinicional.test_nao_altera_definicoes_simples_com_exemplos) ... ok
testes (3.11, regressoes-b)	Testes novos	2026-10-09T12:14:34.0457454Z test_nao_confundir_perguntas_sobre_causas_nem_quatro_conceitos (testes_composicao_geral.TestesCoordenacaoDefinicional.test_nao_confundir_perguntas_sobre_causas_nem_quatro_conceitos) ... ok
testes (3.11, regressoes-b)	Testes novos	2026-10-09T12:14:37.5905050Z test_um_alvo_desconhecido_nao_aciona_assunto_vizinho (testes_composicao_geral.TestesCoordenacaoDefinicional.test_um_alvo_desconhecido_nao_aciona_assunto_vizinho) ... ok
testes (3.11, regressoes-b)	Testes novos	2026-10-09T12:14:41.0170934Z test_ainda_identifica_ancestral_comum (testes_composicao_geral.TestesRelacoesAntesDeAusencia.test_ainda_identifica_ancestral_comum) ... ok
testes (3.11, regressoes-b)	Testes novos	2026-10-09T12:14:46.8082327Z test_desconhecido_continua_sem_prova (testes_composicao_geral.TestesRelacoesAntesDeAusencia.test_desconhecido_continua_sem_prova) ... ok
testes (3.11, regressoes-b)	Testes novos	2026-10-09T12:14:46.8085560Z test_grafo_sintetico_sem_regras_por_nome (testes_composicao_geral.TestesRelacoesAntesDeAusencia.test_grafo_sintetico_sem_regras_por_nome) ... ok
testes (3.11, regressoes-b)	Testes novos	2026-10-09T12:14:50.4252837Z test_outros_exemplos_bidirecionais (testes_composicao_geral.TestesRelacoesAntesDeAusencia.test_outros_exemplos_bidirecionais) ... ok
testes (3.11, regressoes-b)	Testes novos	2026-10-09T12:14:51.5101968Z test_print_terra_via_lactea (testes_composicao_geral.TestesRelacoesAntesDeAusencia.test_print_terra_via_lactea) ... ok
testes (3.11, regressoes-b)	Testes novos	2026-10-09T12:14:51.5203928Z test_assinatura_ignora_cache_e_comentarios_mas_preserva_operacoes (testes_compreensao.TestesEntradaCompreensao.test_assinatura_ignora_cache_e_comentarios_mas_preserva_operacoes) ... ok
testes (3.11, regressoes-b)	Testes novos	2026-10-09T12:14:51.5206119Z test_bio_nao_comeca_em_i (testes_compreensao.TestesEntradaCompreensao.test_bio_nao_comeca_em_i) ... ok
testes (3.11, regressoes-b)	Testes novos	2026-10-09T12:14:51.5207764Z test_bio_nao_troca_papel_sem_b (testes_compreensao.TestesEntradaCompreensao.test_bio_nao_troca_papel_sem_b) ... ok
testes (3.11, regressoes-b)	Testes novos	2026-10-09T12:14:51.5209696Z test_injecao_de_origem_invalida_e_rejeitada (testes_compreensao.TestesEntradaCompreensao.test_injecao_de_origem_invalida_e_rejeitada) ... ok
testes (3.11, regressoes-b)	Testes novos	2026-10-09T12:14:51.5237135Z test_input_maior_que_limite_e_marcado (testes_compreensao.TestesEntradaCompreensao.test_input_maior_que_limite_e_marcado) ... ok
testes (3.11, regressoes-b)	Testes novos	2026-10-09T12:14:51.5242266Z test_offsets_apenas_no_pedido_atual (testes_compreensao.TestesEntradaCompreensao.test_offsets_apenas_no_pedido_atual) ... ok
testes (3.11, regressoes-b)	Testes novos	2026-10-09T12:14:51.5244409Z test_offsets_unicode_sao_literais (testes_compreensao.TestesEntradaCompreensao.test_offsets_unicode_sao_literais) ... ok
testes (3.11, regressoes-b)	Testes novos	2026-10-09T12:14:51.5246540Z test_origem_da_fala_nao_vem_do_texto (testes_compreensao.TestesEntradaCompreensao.test_origem_da_fala_nao_vem_do_texto) ... ok
testes (3.11, regressoes-b)	Testes novos	2026-10-09T12:14:51.5878255Z test_atualizacao_dos_pesos_reduz_perda (testes_compreensao.TestesMatematicaCompreensao.test_atualizacao_dos_pesos_reduz_perda) ... ok
testes (3.11, regressoes-b)	Testes novos	2026-10-09T12:14:51.5989996Z test_calibracao_nao_troca_ato_nem_afrouxa_limiar (testes_compreensao.TestesMatematicaCompreensao.test_calibracao_nao_troca_ato_nem_afrouxa_limiar) ... ok
testes (3.11, regressoes-b)	Testes novos	2026-10-09T12:14:51.6294402Z test_gradientes_com_dropout_e_balanceamento (testes_compreensao.TestesMatematicaCompreensao.test_gradientes_com_dropout_e_balanceamento) ... ok
testes (3.11, regressoes-b)	Testes novos	2026-10-09T12:14:51.6629592Z test_gradientes_por_diferencas_finitas (testes_compreensao.TestesMatematicaCompreensao.test_gradientes_por_diferencas_finitas) ... ok
testes (3.11, regressoes-b)	Testes novos	2026-10-09T12:14:51.6639527Z test_grupo_de_dialogo_inteiro_fica_em_uma_particao (testes_compreensao.TestesMatematicaCompreensao.test_grupo_de_dialogo_inteiro_fica_em_uma_particao) ... ok
testes (3.11, regressoes-b)	Testes novos	2026-10-09T12:14:51.6783983Z test_incerteza_uniforme_nao_vira_rota_de_conversa (testes_compreensao.TestesMatematicaCompreensao.test_incerteza_uniforme_nao_vira_rota_de_conversa) ... ok
testes (3.11, regressoes-b)	Testes novos	2026-10-09T12:14:51.6919367Z test_inferencia_python_numpy_equivalentes (testes_compreensao.TestesMatematicaCompreensao.test_inferencia_python_numpy_equivalentes) ... ok
testes (3.11, regressoes-b)	Testes novos	2026-10-09T12:14:51.7004767Z test_mudar_ordem_ou_historico_muda_a_representacao (testes_compreensao.TestesMatematicaCompreensao.test_mudar_ordem_ou_historico_muda_a_representacao) ... ok
testes (3.11, regressoes-b)	Testes novos	2026-10-09T12:14:51.7070493Z test_pesos_corrompidos_sao_rejeitados (testes_compreensao.TestesMatematicaCompreensao.test_pesos_corrompidos_sao_rejeitados) ... ok
testes (3.11, regressoes-b)	Testes novos	2026-10-09T12:14:51.8072688Z test_retomada_propria_preserva_treino_e_rejeita_dados_diferentes (testes_compreensao.TestesMatematicaCompreensao.test_retomada_propria_preserva_treino_e_rejeita_dados_diferentes) ... ok
testes (3.11, regressoes-b)	Testes novos	2026-10-09T12:14:51.8147741Z test_rota_aceita_nao_aceita_quadro_fino (testes_compreensao.TestesMatematicaCompreensao.test_rota_aceita_nao_aceita_quadro_fino) ... ok
testes (3.11, regressoes-b)	Testes novos	2026-10-09T12:14:51.8264655Z test_rota_python_numpy_equivalentes (testes_compreensao.TestesMatematicaCompreensao.test_rota_python_numpy_equivalentes) ... ok
testes (3.11, regressoes-b)	Testes novos	2026-10-09T12:14:51.8271692Z test_span_inventado_nao_entra_no_treino (testes_compreensao.TestesMatematicaCompreensao.test_span_inventado_nao_entra_no_treino) ... ok
testes (3.11, regressoes-b)	Testes novos	2026-10-09T12:14:51.8279595Z test_span_nao_pode_estar_so_no_historico (testes_compreensao.TestesMatematicaCompreensao.test_span_nao_pode_estar_so_no_historico) ... ok
testes (3.11, regressoes-b)	Testes novos	2026-10-09T12:14:51.8369656Z test_treino_em_lote_equivale_a_inferencia_sem_padding (testes_compreensao.TestesMatematicaCompreensao.test_treino_em_lote_equivale_a_inferencia_sem_padding) ... ok
testes (3.11, regressoes-b)	Testes novos	2026-10-09T12:14:51.8378846Z test_treino_nao_aceita_vazamento_entre_particoes (testes_compreensao.TestesMatematicaCompreensao.test_treino_nao_aceita_vazamento_entre_particoes) ... ok
testes (3.11, regressoes-b)	Testes novos	2026-10-09T12:14:51.8529573Z test_vazio_e_pedido_truncado_nao_sao_aceitos (testes_compreensao.TestesMatematicaCompreensao.test_vazio_e_pedido_truncado_nao_sao_aceitos) ... ok
testes (3.11, regressoes-b)	Testes novos	2026-10-09T12:14:51.8541596Z test_conta_absurda_nao_trava (testes_compreensao_intencao.ControlesNegativos.test_conta_absurda_nao_trava) ... ok
testes (3.11, regressoes-b)	Testes novos	2026-10-09T12:14:59.7753269Z test_finalidade_nao_apaga_contexto_sem_evidencia (testes_compreensao_intencao.ControlesNegativos.test_finalidade_nao_apaga_contexto_sem_evidencia) ... ok
testes (3.11, regressoes-b)	Testes novos	2026-10-09T12:14:59.7755014Z test_finalidade_sem_ficha_nao_inventa_assunto (testes_compreensao_intencao.ControlesNegativos.test_finalidade_sem_ficha_nao_inventa_assunto) ... ok
testes (3.11, regressoes-b)	Testes novos	2026-10-09T12:15:02.1074196Z test_gosto_pessoal_nao_e_preferencia_de_resposta (testes_compreensao_intencao.ControlesNegativos.test_gosto_pessoal_nao_e_preferencia_de_resposta) ... ok
testes (3.11, regressoes-b)	Testes novos	2026-10-09T12:15:04.3577474Z test_memoria_humana_nao_abre_investigacao_de_heap (testes_compreensao_intencao.ControlesNegativos.test_memoria_humana_nao_abre_investigacao_de_heap) ... ok
testes (3.11, regressoes-b)	Testes novos	2026-10-09T12:15:05.5228190Z test_nao_sei_nao_e_restricao (testes_compreensao_intencao.ControlesNegativos.test_nao_sei_nao_e_restricao) ... ok
testes (3.11, regressoes-b)	Testes novos	2026-10-09T12:15:06.7023321Z test_pedido_ao_assistente_nao_e_objetivo (testes_compreensao_intencao.ControlesNegativos.test_pedido_ao_assistente_nao_e_objetivo) ... ok
testes (3.11, regressoes-b)	Testes novos	2026-10-09T12:15:07.7975993Z test_premissas_explicitas_continuam_no_raciocinio_ativo (testes_compreensao_intencao.ControlesNegativos.test_premissas_explicitas_continuam_no_raciocinio_ativo) ... ok
testes (3.11, regressoes-b)	Testes novos	2026-10-09T12:15:07.7979110Z test_quantificadores_ficam_com_o_grafo (testes_compreensao_intencao.ControlesNegativos.test_quantificadores_ficam_com_o_grafo) ... ok
testes (3.11, regressoes-b)	Testes novos	2026-10-09T12:15:07.7990446Z test_quanto_sem_conta_nao_e_calculo (testes_compreensao_intencao.ControlesNegativos.test_quanto_sem_conta_nao_e_calculo) ... ok
testes (3.11, regressoes-b)	Testes novos	2026-10-09T12:15:11.4356997Z test_relato_com_condicao_nao_vira_conclusao_logica (testes_compreensao_intencao.ControlesNegativos.test_relato_com_condicao_nao_vira_conclusao_logica) ... ok
testes (3.11, regressoes-b)	Testes novos	2026-10-09T12:15:12.4979528Z test_consequencia_com_premissas_em_linguagem_comum (testes_compreensao_intencao.FalhasDoSite.test_consequencia_com_premissas_em_linguagem_comum) ... ok
testes (3.11, regressoes-b)	Testes novos	2026-10-09T12:15:13.7410695Z test_instrucao_da_historia_nao_vira_nome (testes_compreensao_intencao.FalhasDoSite.test_instrucao_da_historia_nao_vira_nome) ... ok
testes (3.11, regressoes-b)	Testes novos	2026-10-09T12:15:20.9901434Z test_investigador_de_memoria_conduz_a_conversa (testes_compreensao_intencao.FalhasDoSite.test_investigador_de_memoria_conduz_a_conversa) ... ok
testes (3.11, regressoes-b)	Testes novos	2026-10-09T12:15:24.6084129Z test_mesma_intencao_em_outra_formulacao (testes_compreensao_intencao.FalhasDoSite.test_mesma_intencao_em_outra_formulacao) ... ok
testes (3.11, regressoes-b)	Testes novos	2026-10-09T12:15:25.8500764Z test_pergunta_pratica_usa_ficha_de_typescript (testes_compreensao_intencao.FalhasDoSite.test_pergunta_pratica_usa_ficha_de_typescript) ... ok
testes (3.11, regressoes-b)	Testes novos	2026-10-09T12:15:26.9357809Z test_preferencia_de_explicacao_e_lembrada (testes_compreensao_intencao.FalhasDoSite.test_preferencia_de_explicacao_e_lembrada) ... ok
testes (3.11, regressoes-b)	Testes novos	2026-10-09T12:15:28.1282903Z test_relato_com_nao_nao_e_negacao_logica (testes_compreensao_intencao.FalhasDoSite.test_relato_com_nao_nao_e_negacao_logica) ... ok
testes (3.11, regressoes-b)	Testes novos	2026-10-09T12:15:29.2105098Z test_sem_tarefa_informada_admite_em_vez_de_chutar (testes_compreensao_intencao.FalhasDoSite.test_sem_tarefa_informada_admite_em_vez_de_chutar) ... ok
testes (3.11, regressoes-b)	Testes novos	2026-10-09T12:15:32.3298153Z test_subtracao_com_sinal_unicode (testes_compreensao_intencao.FalhasDoSite.test_subtracao_com_sinal_unicode) ... ok
testes (3.11, regressoes-b)	Testes novos	2026-10-09T12:15:33.5735613Z test_tarefa_do_dia_nao_vira_previsao_do_tempo (testes_compreensao_intencao.FalhasDoSite.test_tarefa_do_dia_nao_vira_previsao_do_tempo) ... ok
testes (3.11, regressoes-b)	Testes novos	2026-10-09T12:15:40.0572701Z test_contas_em_portugues (testes_compreensao_intencao.FormulacoesIneditas.test_contas_em_portugues) ... ok
testes (3.11, regressoes-b)	Testes novos	2026-10-09T12:15:45.8436180Z test_finalidade_em_varias_formas (testes_compreensao_intencao.FormulacoesIneditas.test_finalidade_em_varias_formas) ... ok
testes (3.11, regressoes-b)	Testes novos	2026-10-09T12:15:50.0985788Z test_inferencias_validas_e_falacias (testes_compreensao_intencao.FormulacoesIneditas.test_inferencias_validas_e_falacias) ... ok
testes (3.11, regressoes-b)	Testes novos	2026-10-09T12:15:56.9284997Z test_objetivos_preferencias_e_restricoes (testes_compreensao_intencao.FormulacoesIneditas.test_objetivos_preferencias_e_restricoes) ... ok
testes (3.11, regressoes-b)	Testes novos	2026-10-09T12:15:58.1121059Z test_outra_forma_de_relatar_memoria_crescendo (testes_compreensao_intencao.FormulacoesIneditas.test_outra_forma_de_relatar_memoria_crescendo) ... ok
testes (3.11, regressoes-b)	Testes novos	2026-10-09T12:16:00.4933248Z test_outra_pergunta_pratica_de_typescript (testes_compreensao_intencao.FormulacoesIneditas.test_outra_pergunta_pratica_de_typescript) ... ok
testes (3.11, regressoes-b)	Testes novos	2026-10-09T12:16:00.4944120Z test_personagem_e_cenario_em_outra_ordem (testes_compreensao_intencao.FormulacoesIneditas.test_personagem_e_cenario_em_outra_ordem) ... ok
testes (3.11, regressoes-b)	Testes novos	2026-10-09T12:16:01.7591449Z test_premissas_espalhadas_em_turnos (testes_compreensao_intencao.FormulacoesIneditas.test_premissas_espalhadas_em_turnos) ... ok
testes (3.11, regressoes-b)	Testes novos	2026-10-09T12:16:02.8332144Z test_memoria_antiga_sem_campos_novos_continua_valida (testes_compreensao_intencao.MemoriaEntreConversas.test_memoria_antiga_sem_campos_novos_continua_valida) ... ok
testes (3.11, regressoes-b)	Testes novos	2026-10-09T12:16:03.9179113Z test_objetivos_e_preferencias_vao_para_a_memoria_opcional (testes_compreensao_intencao.MemoriaEntreConversas.test_objetivos_e_preferencias_vao_para_a_memoria_opcional) ... ERROR
testes (3.11, regressoes-b)	Testes novos	2026-10-09T12:16:03.9187573Z test_preferencia_curta_encurta_resposta_longa (testes_compreensao_intencao.MemoriaEntreConversas.test_preferencia_curta_encurta_resposta_longa) ... ok
testes (3.11, regressoes-b)	Testes novos	2026-10-09T12:16:05.0397110Z test_aplica_raciocinio_simbolico_ao_labirinto (testes_compreensao_textual.TestesCompreensaoTextual.test_aplica_raciocinio_simbolico_ao_labirinto) ... ok
testes (3.11, regressoes-b)	Testes novos	2026-10-09T12:16:06.9661811Z test_arvore_binaria_nao_e_confundida_com_arvore_botanica (testes_compreensao_textual.TestesCompreensaoTextual.test_arvore_binaria_nao_e_confundida_com_arvore_botanica) ... ok
testes (3.11, regressoes-b)	Testes novos	2026-10-09T12:16:08.2650182Z test_autodescricao_nao_vira_relato_do_usuario (testes_compreensao_textual.TestesCompreensaoTextual.test_autodescricao_nao_vira_relato_do_usuario) ... ok
testes (3.11, regressoes-b)	Testes novos	2026-10-09T12:16:09.5385004Z test_endpoint_informa_mecanismo_de_compreensao (testes_compreensao_textual.TestesCompreensaoTextual.test_endpoint_informa_mecanismo_de_compreensao) ... ok
testes (3.11, regressoes-b)	Testes novos	2026-10-09T12:16:11.1048632Z test_funcionamento_do_aprendizado_de_maquina (testes_compreensao_textual.TestesCompreensaoTextual.test_funcionamento_do_aprendizado_de_maquina) ... ok
testes (3.11, regressoes-b)	Testes novos	2026-10-09T12:16:12.3998876Z test_interpreta_comparacao_no_poema (testes_compreensao_textual.TestesCompreensaoTextual.test_interpreta_comparacao_no_poema) ... ok
testes (3.11, regressoes-b)	Testes novos	2026-10-09T12:16:13.7649623Z test_retomada_explica_resposta_real_anterior (testes_compreensao_textual.TestesCompreensaoTextual.test_retomada_explica_resposta_real_anterior) ... ok
testes (3.11, regressoes-b)	Testes novos	2026-10-09T12:16:13.7864990Z test_cada_área_tem_conteúdo_amplo_e_com_fonte (testes_conteudo_avancado.TestesConteudoAvancado.test_cada_área_tem_conteúdo_amplo_e_com_fonte) ... ok
testes (3.11, regressoes-b)	Testes novos	2026-10-09T12:16:18.7282999Z test_nome_próprio_mantém_maiúscula_depois_do_conectivo (testes_conteudo_avancado.TestesConteudoAvancado.test_nome_próprio_mantém_maiúscula_depois_do_conectivo) ... ok
testes (3.11, regressoes-b)	Testes novos	2026-10-09T12:17:24.6885461Z test_perguntas_variadas_são_respondidas (testes_conteudo_avancado.TestesConteudoAvancado.test_perguntas_variadas_são_respondidas) ... ok
testes (3.11, regressoes-b)	Testes novos	2026-10-09T12:17:25.8085297Z test_curiosidade_e_piada_usam_fatos_com_fonte (testes_conversa_cotidiana.TestesConversaCotidiana.test_curiosidade_e_piada_usam_fatos_com_fonte) ... ok
testes (3.11, regressoes-b)	Testes novos	2026-10-09T12:17:28.4731799Z test_me_fala_mais_continua_assunto_de_resposta_antiga (testes_conversa_cotidiana.TestesConversaCotidiana.test_me_fala_mais_continua_assunto_de_resposta_antiga) ... ok
testes (3.11, regressoes-b)	Testes novos	2026-10-09T12:17:30.0996336Z test_me_fala_sobre_compoe_o_assunto (testes_conversa_cotidiana.TestesConversaCotidiana.test_me_fala_sobre_compoe_o_assunto) ... ok
testes (3.11, regressoes-b)	Testes novos	2026-10-09T12:17:32.3861836Z test_preferencia_so_para_assunto_conhecido (testes_conversa_cotidiana.TestesConversaCotidiana.test_preferencia_so_para_assunto_conhecido) ... ok
testes (3.11, regressoes-b)	Testes novos	2026-10-09T12:17:34.5445535Z test_reacao_oferece_continuar_e_sim_continua (testes_conversa_cotidiana.TestesConversaCotidiana.test_reacao_oferece_continuar_e_sim_continua) ... ok
testes (3.11, regressoes-b)	Testes novos	2026-10-09T12:17:35.6532684Z test_reacoes_curtas_nao_viram_fato_nem_coaching (testes_conversa_cotidiana.TestesConversaCotidiana.test_reacoes_curtas_nao_viram_fato_nem_coaching) ... ok
testes (3.11, regressoes-b)	Testes novos	2026-10-09T12:17:36.8187913Z test_relato_neutro_nao_recebe_plano_de_acao (testes_conversa_cotidiana.TestesConversaCotidiana.test_relato_neutro_nao_recebe_plano_de_acao) ... ok
testes (3.11, regressoes-b)	Testes novos	2026-10-09T12:17:39.3268098Z test_repetir_e_nome_do_usuario (testes_conversa_cotidiana.TestesConversaCotidiana.test_repetir_e_nome_do_usuario) ... ok
testes (3.11, regressoes-b)	Testes novos	2026-10-09T12:17:41.5744667Z test_responde_ao_como_voce_esta (testes_conversa_cotidiana.TestesConversaCotidiana.test_responde_ao_como_voce_esta) ... ok
testes (3.11, regressoes-b)	Testes novos	2026-10-09T12:17:41.5747603Z test_grupo_de_transferencia_e_memoria_nao_cruza_particoes (testes_conversa_gerativa.CorpusConversa.test_grupo_de_transferencia_e_memoria_nao_cruza_particoes) ... skipped 'Treino requer dependências opcionais'
testes (3.11, regressoes-b)	Testes novos	2026-10-09T12:17:41.5751135Z test_historico_e_pergunta_nao_sao_alvos_supervisionados (testes_conversa_gerativa.CorpusConversa.test_historico_e_pergunta_nao_sao_alvos_supervisionados) ... skipped 'Treino requer dependências opcionais'
testes (3.11, regressoes-b)	Testes novos	2026-10-09T12:17:41.5754467Z test_preparacao_isola_alvos_e_confere_hash_de_todos_os_arquivos (testes_conversa_gerativa.CorpusConversa.test_preparacao_isola_alvos_e_confere_hash_de_todos_os_arquivos) ... skipped 'Treino requer dependências opcionais'
testes (3.11, regressoes-b)	Testes novos	2026-10-09T12:17:41.5757564Z test_adaptador_numpy_funciona_sem_importar_torch_ou_tokenizers (testes_conversa_gerativa.GeracaoNumpy.test_adaptador_numpy_funciona_sem_importar_torch_ou_tokenizers) ... skipped 'Paridade requer ferramentas do treino'
testes (3.11, regressoes-b)	Testes novos	2026-10-09T12:17:41.5760752Z test_bpe_papeis_literalidade_e_janela_iguais_ao_treino (testes_conversa_gerativa.GeracaoNumpy.test_bpe_papeis_literalidade_e_janela_iguais_ao_treino) ... skipped 'Paridade requer ferramentas do treino'
testes (3.11, regressoes-b)	Testes novos	2026-10-09T12:17:41.5763549Z test_cache_e_rebase_preservam_logits_de_referencia (testes_conversa_gerativa.GeracaoNumpy.test_cache_e_rebase_preservam_logits_de_referencia) ... skipped 'Paridade requer ferramentas do treino'
testes (3.11, regressoes-b)	Testes novos	2026-10-09T12:17:45.1209039Z test_api_replay_e_isolamento_do_feedback (testes_conversa_informal.TestesConversaInformal.test_api_replay_e_isolamento_do_feedback) ... ok
testes (3.11, regressoes-b)	Testes novos	2026-10-09T12:17:51.7906634Z test_continua_o_contato_sem_buscar_fato (testes_conversa_informal.TestesConversaInformal.test_continua_o_contato_sem_buscar_fato) ... ok
testes (3.11, regressoes-b)	Testes novos	2026-10-09T12:17:56.6117826Z test_critica_seguida_de_pedido_prioriza_pedido (testes_conversa_informal.TestesConversaInformal.test_critica_seguida_de_pedido_prioriza_pedido) ... ok
testes (3.11, regressoes-b)	Testes novos	2026-10-09T12:18:04.2675610Z test_elogio_e_convite (testes_conversa_informal.TestesConversaInformal.test_elogio_e_convite) ... ok
testes (3.11, regressoes-b)	Testes novos	2026-10-09T12:18:05.6184071Z test_feedback_de_falha_cita_somente_ultimo_pedido (testes_conversa_informal.TestesConversaInformal.test_feedback_de_falha_cita_somente_ultimo_pedido) ... ok
testes (3.11, regressoes-b)	Testes novos	2026-10-09T12:18:15.4466082Z test_feedback_e_vocativos_fora_da_captura (testes_conversa_informal.TestesConversaInformal.test_feedback_e_vocativos_fora_da_captura) ... ok
testes (3.11, regressoes-b)	Testes novos	2026-10-09T12:18:16.6200734Z test_feedback_nao_escolhe_opcao_de_esclarecimento (testes_conversa_informal.TestesConversaInformal.test_feedback_nao_escolhe_opcao_de_esclarecimento) ... ok
testes (3.11, regressoes-b)	Testes novos	2026-10-09T12:18:17.8289159Z test_feedback_sobre_resposta_nao_declara_fato_falso (testes_conversa_informal.TestesConversaInformal.test_feedback_sobre_resposta_nao_declara_fato_falso) ... ok
testes (3.11, regressoes-b)	Testes novos	2026-10-09T12:18:28.2907740Z test_palavras_sociais_em_conteudo_nao_roubam_a_intencao (testes_conversa_informal.TestesConversaInformal.test_palavras_sociais_em_conteudo_nao_roubam_a_intencao) ... ok
testes (3.11, regressoes-b)	Testes novos	2026-10-09T12:18:31.8283786Z test_reformulacao_explicita_e_comprovacao (testes_conversa_informal.TestesConversaInformal.test_reformulacao_explicita_e_comprovacao) ... ok
testes (3.11, regressoes-b)	Testes novos	2026-10-09T12:18:37.9890649Z test_saudacao_composta_preserva_o_pedido (testes_conversa_informal.TestesConversaInformal.test_saudacao_composta_preserva_o_pedido) ... ok
testes (3.11, regressoes-b)	Testes novos	2026-10-09T12:18:49.7649009Z test_saudacoes_e_perguntas_informais (testes_conversa_informal.TestesConversaInformal.test_saudacoes_e_perguntas_informais) ... ok
testes (3.11, regressoes-b)	Testes novos	2026-10-09T12:18:50.8711832Z test_sequencia_da_captura (testes_conversa_informal.TestesConversaInformal.test_sequencia_da_captura) ... ok
testes (3.11, regressoes-b)	Testes novos	2026-10-09T12:19:08.1054200Z test_variantes_de_critica_direta (testes_conversa_informal.TestesConversaInformal.test_variantes_de_critica_direta) ... ok
testes (3.11, regressoes-b)	Testes novos	2026-10-09T12:19:59.0664752Z test_dev (testes_conversa_nocoes.TestesCatraca.test_dev) ... ok
testes (3.11, regressoes-b)	Testes novos	2026-10-09T12:21:04.9433932Z test_noções_ampliadas (testes_conversa_nocoes.TestesCatraca.test_noções_ampliadas) ... ok
testes (3.11, regressoes-b)	Testes novos	2026-10-09T12:21:38.1479926Z test_retido (testes_conversa_nocoes.TestesCatraca.test_retido) ... ok
testes (3.11, regressoes-b)	Testes novos	2026-10-09T12:22:00.8087796Z test_retido2 (testes_conversa_nocoes.TestesCatraca.test_retido2) ... ok
testes (3.11, regressoes-b)	Testes novos	2026-10-09T12:22:02.0278693Z test_base_com_orientacao_continua_valendo (testes_conversa_nocoes.TestesConversa.test_base_com_orientacao_continua_valendo) ... ok
testes (3.11, regressoes-b)	Testes novos	2026-10-09T12:22:03.4092381Z test_conversa_continua_e_lembra (testes_conversa_nocoes.TestesConversa.test_conversa_continua_e_lembra) ... ok
testes (3.11, regressoes-b)	Testes novos	2026-10-09T12:22:04.6867116Z test_conversa_guiada_nao_e_interrompida (testes_conversa_nocoes.TestesConversa.test_conversa_guiada_nao_e_interrompida) ... ok
testes (3.11, regressoes-b)	Testes novos	2026-10-09T12:22:06.9991908Z test_observacao_nao_vira_palestra (testes_conversa_nocoes.TestesConversa.test_observacao_nao_vira_palestra) ... ok
testes (3.11, regressoes-b)	Testes novos	2026-10-09T12:22:10.8586395Z test_pergunta_com_ficha_nao_vira_nocao (testes_conversa_nocoes.TestesConversa.test_pergunta_com_ficha_nao_vira_nocao) ... ok
testes (3.11, regressoes-b)	Testes novos	2026-10-09T12:22:12.0694013Z test_pronome_retoma_a_nocao (testes_conversa_nocoes.TestesConversa.test_pronome_retoma_a_nocao) ... ok
testes (3.11, regressoes-b)	Testes novos	2026-10-09T12:22:13.2380152Z test_relato_em_primeira_pessoa_fica_com_o_dialogo (testes_conversa_nocoes.TestesConversa.test_relato_em_primeira_pessoa_fica_com_o_dialogo) ... ok
testes (3.11, regressoes-b)	Testes novos	2026-10-09T12:22:16.6586323Z test_tres_niveis (testes_conversa_nocoes.TestesConversa.test_tres_niveis) ... ok
testes (3.11, regressoes-b)	Testes novos	2026-10-09T12:22:16.6619049Z test_afirmacao_nao_e_pergunta_nem_pedido (testes_conversa_nocoes.TestesNocoes.test_afirmacao_nao_e_pergunta_nem_pedido) ... ok
testes (3.11, regressoes-b)	Testes novos	2026-10-09T12:22:16.6624402Z test_formas_longas_e_ordem (testes_conversa_nocoes.TestesNocoes.test_formas_longas_e_ordem) ... ok
testes (3.11, regressoes-b)	Testes novos	2026-10-09T12:22:16.6632144Z test_noções_nao_tem_fonte (testes_conversa_nocoes.TestesNocoes.test_noções_nao_tem_fonte) ... ok
testes (3.11, regressoes-b)	Testes novos	2026-10-09T12:22:16.6639607Z test_reacao_tem_tom_nocao_e_pergunta (testes_conversa_nocoes.TestesNocoes.test_reacao_tem_tom_nocao_e_pergunta) ... ok
testes (3.11, regressoes-b)	Testes novos	2026-10-09T12:22:16.6641507Z test_saude_e_dose_nao_viram_nocao (testes_conversa_nocoes.TestesNocoes.test_saude_e_dose_nao_viram_nocao) ... ok
testes (3.11, regressoes-b)	Testes novos	2026-10-09T12:22:45.1809389Z test_catraca (testes_conversa_nocoes.TestesSuposicao.test_catraca) ... ok
testes (3.11, regressoes-b)	Testes novos	2026-10-09T12:22:45.1844072Z test_pergunta_aberta_fora_de_relato (testes_conversa_nocoes.TestesSuposicao.test_pergunta_aberta_fora_de_relato) ... ok
testes (3.11, regressoes-b)	Testes novos	2026-10-09T12:22:46.2428027Z test_api_mecanismo_estado_e_memoria (testes_correcao_texto.CorrecaoTexto.test_api_mecanismo_estado_e_memoria) ... ok
testes (3.11, regressoes-b)	Testes novos	2026-10-09T12:22:47.3100882Z test_blocos_codigo_e_instrucoes_nao_executados (testes_correcao_texto.CorrecaoTexto.test_blocos_codigo_e_instrucoes_nao_executados) ... ok
testes (3.11, regressoes-b)	Testes novos	2026-10-09T12:22:47.3105886Z test_concordancia_local_e_espacos (testes_correcao_texto.CorrecaoTexto.test_concordancia_local_e_espacos) ... ok
testes (3.11, regressoes-b)	Testes novos	2026-10-09T12:22:48.3953206Z test_correcao_de_codigo_mantem_motor_existente (testes_correcao_texto.CorrecaoTexto.test_correcao_de_codigo_mantem_motor_existente) ... ok
testes (3.11, regressoes-b)	Testes novos	2026-10-09T12:22:50.6118252Z test_correcao_de_premissa_preserva_revisao_logica (testes_correcao_texto.CorrecaoTexto.test_correcao_de_premissa_preserva_revisao_logica) ... ok
testes (3.11, regressoes-b)	Testes novos	2026-10-09T12:22:51.3805142Z test_diff_reconstroi_resultado_com_offsets_do_original (testes_correcao_texto.CorrecaoTexto.test_diff_reconstroi_resultado_com_offsets_do_original) ... ok
testes (3.11, regressoes-b)	Testes novos	2026-10-09T12:22:52.4342672Z test_documentos_nao_vazam_e_pedido_vazio_nao_reusa (testes_correcao_texto.CorrecaoTexto.test_documentos_nao_vazam_e_pedido_vazio_nao_reusa) ... ok
testes (3.11, regressoes-b)	Testes novos	2026-10-09T12:22:52.4380416Z test_idempotencia_e_pontuacao_existente (testes_correcao_texto.CorrecaoTexto.test_idempotencia_e_pontuacao_existente) ... ok
testes (3.11, regressoes-b)	Testes novos	2026-10-09T12:22:52.4383834Z test_identificadores_abreviaturas_e_capitais (testes_correcao_texto.CorrecaoTexto.test_identificadores_abreviaturas_e_capitais) ... ok
testes (3.11, regressoes-b)	Testes novos	2026-10-09T12:22:52.4387159Z test_nao_muda_homografos_nem_inventa_divisao (testes_correcao_texto.CorrecaoTexto.test_nao_muda_homografos_nem_inventa_divisao) ... ok
testes (3.11, regressoes-b)	Testes novos	2026-10-09T12:22:52.4389944Z test_nao_promete_gramatica_completa (testes_correcao_texto.CorrecaoTexto.test_nao_promete_gramatica_completa) ... ok
testes (3.11, regressoes-b)	Testes novos	2026-10-09T12:22:52.4392998Z test_nao_transforma_oracao_causal_em_pergunta (testes_correcao_texto.CorrecaoTexto.test_nao_transforma_oracao_causal_em_pergunta) ... ok
testes (3.11, regressoes-b)	Testes novos	2026-10-09T12:22:52.4397604Z test_nomes_numeros_codigos_e_citacoes (testes_correcao_texto.CorrecaoTexto.test_nomes_numeros_codigos_e_citacoes) ... ok
testes (3.11, regressoes-b)	Testes novos	2026-10-09T12:22:52.4400593Z test_preserva_negacao_e_nao_vira_ordem_oposta (testes_correcao_texto.CorrecaoTexto.test_preserva_negacao_e_nao_vira_ordem_oposta) ... ok
testes (3.11, regressoes-b)	Testes novos	2026-10-09T12:22:52.4402448Z test_reconhece_pedido_mas_nao_tema_de_conversa (testes_correcao_texto.CorrecaoTexto.test_reconhece_pedido_mas_nao_tema_de_conversa) ... ok
testes (3.11, regressoes-b)	Testes novos	2026-10-09T12:22:56.6890222Z test_replay_detalhes_fonte_e_resumo_preservam_original (testes_correcao_texto.CorrecaoTexto.test_replay_detalhes_fonte_e_resumo_preservam_original) ... ok
testes (3.11, regressoes-b)	Testes novos	2026-10-09T12:22:57.7711104Z test_texto_longo_e_limites_http (testes_correcao_texto.CorrecaoTexto.test_texto_longo_e_limites_http) ... ok
testes (3.11, regressoes-b)	Testes novos	2026-10-09T12:22:57.7713535Z test_texto_sem_pontuacao (testes_correcao_texto.CorrecaoTexto.test_texto_sem_pontuacao) ... ok
testes (3.11, regressoes-b)	Testes novos	2026-10-09T12:22:57.7734914Z test_contrato_rejeita_referencia_reservados_e_host (testes_diagnostico_estados.DiagnosticoTestes.test_contrato_rejeita_referencia_reservados_e_host) ... ok
testes (3.11, regressoes-b)	Testes novos	2026-10-09T12:22:57.7801732Z test_insercao_corrige_loop_e_preserva_entrada (testes_diagnostico_estados.DiagnosticoTestes.test_insercao_corrige_loop_e_preserva_entrada) ... ok
testes (3.11, regressoes-b)	Testes novos	2026-10-09T12:22:57.7807674Z test_localiza_hipotese_e_recusa_promessa_de_intencao (testes_diagnostico_estados.DiagnosticoTestes.test_localiza_hipotese_e_recusa_promessa_de_intencao) ... ok
testes (3.11, regressoes-b)	Testes novos	2026-10-09T12:22:57.7809725Z test_mutacao_de_entrada_nao_satisfaz_contrato (testes_diagnostico_estados.DiagnosticoTestes.test_mutacao_de_entrada_nao_satisfaz_contrato) ... ok
testes (3.11, regressoes-b)	Testes novos	2026-10-09T12:22:57.7949907Z test_serializacao_preserva_alias_e_chaves_com_nomes_de_tags (testes_diagnostico_estados.DiagnosticoTestes.test_serializacao_preserva_alias_e_chaves_com_nomes_de_tags) ... ok
testes (3.11, regressoes-b)	Testes novos	2026-10-09T12:22:57.7953036Z test_strings_nao_recebem_edicoes_de_operadores (testes_diagnostico_estados.DiagnosticoTestes.test_strings_nao_recebem_edicoes_de_operadores) ... ok
testes (3.11, regressoes-b)	Testes novos	2026-10-09T12:22:57.7956272Z test_tracos_distinguem_erro_da_rede_do_codigo (testes_diagnostico_estados.DiagnosticoTestes.test_tracos_distinguem_erro_da_rede_do_codigo) ... ok
testes (3.11, regressoes-b)	Testes novos	2026-10-09T12:22:57.7958694Z test_v3_baseline_congelada (testes_diagnostico_estados.DiagnosticoTestes.test_v3_baseline_congelada) ... ok
testes (3.11, regressoes-b)	Testes novos	2026-10-09T12:22:57.8073700Z test_gradiente_ranking_e_aprendizado (testes_diagnostico_estados.RankingTestes.test_gradiente_ranking_e_aprendizado) ... ok
testes (3.11, regressoes-b)	Testes novos	2026-10-09T12:22:57.8721400Z test_montagem_treino_nao_acessa_outras_familias_nem_reserva (testes_diagnostico_estados.RankingTestes.test_montagem_treino_nao_acessa_outras_familias_nem_reserva) ... ok
testes (3.11, regressoes-b)	Testes novos	2026-10-09T12:22:57.8838729Z test_ranking_depende_dos_pesos_e_nao_consulta_executor (testes_diagnostico_estados.RankingTestes.test_ranking_depende_dos_pesos_e_nao_consulta_executor) ... ok
testes (3.11, regressoes-b)	Testes novos	2026-10-09T12:22:57.8842580Z test_corpus_adulterado_nao_cria_saida (testes_dialogo_integro.TestesDialogoIntegro.test_corpus_adulterado_nao_cria_saida) ... skipped 'Requer dependências opcionais de treino'
testes (3.11, regressoes-b)	Testes novos	2026-10-09T12:22:57.8845984Z test_derivacao_preserva_reservas_replay_e_original (testes_dialogo_integro.TestesDialogoIntegro.test_derivacao_preserva_reservas_replay_e_original) ... skipped 'Requer dependências opcionais de treino'
testes (3.11, regressoes-b)	Testes novos	2026-10-09T12:22:57.8848590Z test_sonda_nao_coloca_alvo_humano_no_historico (testes_dialogo_integro.TestesDialogoIntegro.test_sonda_nao_coloca_alvo_humano_no_historico) ... skipped 'Requer dependências opcionais de treino'
testes (3.11, regressoes-b)	Testes novos	2026-10-09T12:22:57.8851787Z test_toda_fonte_visivel_e_somente_resposta_supervisionada (testes_dialogo_integro.TestesDialogoIntegro.test_toda_fonte_visivel_e_somente_resposta_supervisionada) ... skipped 'Requer dependências opcionais de treino'
testes (3.11, regressoes-b)	Testes novos	2026-10-09T12:22:57.8855038Z test_amostragem_nao_prioriza_respostas_longas_nem_familias_numerosas (testes_dialogos_amplos.DialogosAmpliados.test_amostragem_nao_prioriza_respostas_longas_nem_familias_numerosas) ... skipped 'Preparação opcional requer ferramentas de treino'
testes (3.11, regressoes-b)	Testes novos	2026-10-09T12:22:57.8857178Z test_baseline_de_contexto_menor_preserva_todos_os_alvos_retidos (testes_dialogos_amplos.DialogosAmpliados.test_baseline_de_contexto_menor_preserva_todos_os_alvos_retidos) ... skipped 'Preparação opcional requer ferramentas de treino'
testes (3.11, regressoes-b)	Testes novos	2026-10-09T12:22:57.8858908Z test_cenarios_inteiros_e_ids_unicos (testes_dialogos_amplos.DialogosAmpliados.test_cenarios_inteiros_e_ids_unicos) ... skipped 'Preparação opcional requer ferramentas de treino'
testes (3.11, regressoes-b)	Testes novos	2026-10-09T12:22:57.8860787Z test_codigo_dos_exercicios_concorda_com_javascript_real (testes_dialogos_amplos.DialogosAmpliados.test_codigo_dos_exercicios_concorda_com_javascript_real) ... skipped 'Preparação opcional requer ferramentas de treino'
testes (3.11, regressoes-b)	Testes novos	2026-10-09T12:22:57.8862820Z test_corpus_v2_isola_fontes_alvos_arvores_e_nao_corta_contexto_autoral (testes_dialogos_amplos.DialogosAmpliados.test_corpus_v2_isola_fontes_alvos_arvores_e_nao_corta_contexto_autoral) ... skipped 'Preparação opcional requer ferramentas de treino'
testes (3.11, regressoes-b)	Testes novos	2026-10-09T12:22:57.8865097Z test_exportacoes_nao_duplicam_mensagens_e_recusam_conflitos_e_erros_ancestrais (testes_dialogos_amplos.DialogosAmpliados.test_exportacoes_nao_duplicam_mensagens_e_recusam_conflitos_e_erros_ancestrais) ... skipped 'Preparação opcional requer ferramentas de treino'
testes (3.11, regressoes-b)	Testes novos	2026-10-09T12:22:57.8866935Z test_fonte_completa_corrompida_e_recusada (testes_dialogos_amplos.DialogosAmpliados.test_fonte_completa_corrompida_e_recusada) ... skipped 'Preparação opcional requer ferramentas de treino'
testes (3.11, regressoes-b)	Testes novos	2026-10-09T12:22:57.8868750Z test_notebook_amplo_usa_experimento_separado_e_codigo_executavel (testes_dialogos_amplos.DialogosAmpliados.test_notebook_amplo_usa_experimento_separado_e_codigo_executavel) ... skipped 'Preparação opcional requer ferramentas de treino'
testes (3.11, regressoes-b)	Testes novos	2026-10-09T12:22:57.8870839Z test_novo_contexto_preserva_orcamento_de_tokens_e_pesos_proprios (testes_dialogos_amplos.DialogosAmpliados.test_novo_contexto_preserva_orcamento_de_tokens_e_pesos_proprios) ... skipped 'Preparação opcional requer ferramentas de treino'
testes (3.11, regressoes-b)	Testes novos	2026-10-09T12:22:57.8873668Z test_retomada_ampla_preserva_adam_rng_e_respeita_parada_validacao (testes_dialogos_amplos.DialogosAmpliados.test_retomada_ampla_preserva_adam_rng_e_respeita_parada_validacao) ... skipped 'Preparação opcional requer ferramentas de treino'
testes (3.11, regressoes-b)	Testes novos	2026-10-09T12:22:57.8876571Z test_avaliacao_aguarda_sft_pausado_e_aceita_conclusao_ou_parada_validacao (testes_dialogos_amplos.SequenciaNotebookAmplo.test_avaliacao_aguarda_sft_pausado_e_aceita_conclusao_ou_parada_validacao) ... ok
testes (3.11, regressoes-b)	Testes novos	2026-10-09T12:22:57.8887699Z test_continuacao_de_varios_blocos_termina_no_horizonte (testes_dialogos_amplos.SequenciaNotebookAmplo.test_continuacao_de_varios_blocos_termina_no_horizonte) ... ok
testes (3.11, regressoes-b)	Testes novos	2026-10-09T12:22:57.8899116Z test_etapas_sem_relatorio_aguardam_sem_falhar (testes_dialogos_amplos.SequenciaNotebookAmplo.test_etapas_sem_relatorio_aguardam_sem_falhar) ... ok
testes (3.11, regressoes-b)	Testes novos	2026-10-09T12:22:57.8917964Z test_pre_treino_completo_inicia_dialogo_e_erros_reais_aparecem (testes_dialogos_amplos.SequenciaNotebookAmplo.test_pre_treino_completo_inicia_dialogo_e_erros_reais_aparecem) ... ok
testes (3.11, regressoes-b)	Testes novos	2026-10-09T12:22:57.8927195Z test_pre_treino_pausado_nao_inicia_sft_e_preserva_checkpoint (testes_dialogos_amplos.SequenciaNotebookAmplo.test_pre_treino_pausado_nao_inicia_sft_e_preserva_checkpoint) ... ok
testes (3.11, regressoes-b)	Testes novos	2026-10-09T12:23:00.4634188Z test_campo_html_em_javascript_eh_dom (testes_entrada_usuario.TestesEntradaUsuario.test_campo_html_em_javascript_eh_dom) ... ok
testes (3.11, regressoes-b)	Testes novos	2026-10-09T12:23:08.3602618Z test_entrada_humana_no_terminal_python (testes_entrada_usuario.TestesEntradaUsuario.test_entrada_humana_no_terminal_python) ... ok
testes (3.11, regressoes-b)	Testes novos	2026-10-09T12:23:13.2671737Z test_funciona_generico_quando_o_assunto_esta_cadastrado (testes_entrada_usuario.TestesEntradaUsuario.test_funciona_generico_quando_o_assunto_esta_cadastrado) ... ok
testes (3.11, regressoes-b)	Testes novos	2026-10-09T12:23:22.0919455Z test_nao_confundir_entrada_terminal_com_fontes_nao_ensinadas (testes_entrada_usuario.TestesEntradaUsuario.test_nao_confundir_entrada_terminal_com_fontes_nao_ensinadas) ... ok
testes (3.11, regressoes-b)	Testes novos	2026-10-09T12:23:26.7489549Z test_nao_interceptar_pergunta_sobre_nome_do_usuario_com_social (testes_entrada_usuario.TestesEntradaUsuario.test_nao_interceptar_pergunta_sobre_nome_do_usuario_com_social) ... ok
testes (3.11, regressoes-b)	Testes novos	2026-10-09T12:23:33.1744778Z test_nova_fonte_de_entrada_precisa_constar_na_evidencia (testes_entrada_usuario.TestesEntradaUsuario.test_nova_fonte_de_entrada_precisa_constar_na_evidencia) ... ok
testes (3.11, regressoes-b)	Testes novos	2026-10-09T12:23:33.1751925Z test_arrays_objetos_aliases_e_tracos (testes_estados_estruturas.EstruturasTestes.test_arrays_objetos_aliases_e_tracos) ... ok
testes (3.11, regressoes-b)	Testes novos	2026-10-09T12:23:33.1757733Z test_limites_e_apis_bloqueadas (testes_estados_estruturas.EstruturasTestes.test_limites_e_apis_bloqueadas) ... ok
testes (3.11, regressoes-b)	Testes novos	2026-10-09T12:23:33.1759552Z test_operadores_e_curto_circuito (testes_estados_estruturas.EstruturasTestes.test_operadores_e_curto_circuito) ... ok
testes (3.11, regressoes-b)	Testes novos	2026-10-09T12:23:33.1762580Z test_ordem_dos_efeitos_na_atribuicao (testes_estados_estruturas.EstruturasTestes.test_ordem_dos_efeitos_na_atribuicao) ... ok
testes (3.11, regressoes-b)	Testes novos	2026-10-09T12:23:33.1770904Z test_protocolo_preserva_separadores_unicode (testes_estados_estruturas.EstruturasTestes.test_protocolo_preserva_separadores_unicode) ... skipped 'Runtime isolado indisponível'
testes (3.11, regressoes-b)	Testes novos	2026-10-09T12:23:33.1775619Z test_rede_sem_fallback_e_limites_mutacao (testes_estados_estruturas.EstruturasTestes.test_rede_sem_fallback_e_limites_mutacao) ... ok
testes (3.11, regressoes-b)	Testes novos	2026-10-09T12:23:33.1987637Z test_reparo_sem_acesso_a_reservados (testes_estados_estruturas.EstruturasTestes.test_reparo_sem_acesso_a_reservados) ... ok
testes (3.11, regressoes-b)	Testes novos	2026-10-09T12:23:33.1989636Z test_texto_utf16_e_espacos_js (testes_estados_estruturas.EstruturasTestes.test_texto_utf16_e_espacos_js) ... ok
testes (3.11, regressoes-b)	Testes novos	2026-10-09T12:23:33.1997355Z test_v1_congelada (testes_estados_estruturas.EstruturasTestes.test_v1_congelada) ... ok
testes (3.11, regressoes-b)	Testes novos	2026-10-09T12:23:33.2004447Z test_gradientes_estruturais_e_regressao (testes_estados_estruturas.RedesTestes.test_gradientes_estruturais_e_regressao) ... ok
testes (3.11, regressoes-b)	Testes novos	2026-10-09T12:23:33.2060062Z test_gradientes_tipos_e_persistencia (testes_estados_estruturas.RedesTestes.test_gradientes_tipos_e_persistencia) ... ok
testes (3.11, regressoes-b)	Testes novos	2026-10-09T12:23:33.2065290Z test_multiplicacao_compoe_previsoes_sem_oraculo (testes_estados_estruturas.RedesTestes.test_multiplicacao_compoe_previsoes_sem_oraculo) ... ok
testes (3.11, regressoes-b)	Testes novos	2026-10-09T12:23:33.4656363Z test_particoes_e_reversoes_nao_eliminadas (testes_estados_estruturas.RedesTestes.test_particoes_e_reversoes_nao_eliminadas) ... ok
testes (3.11, regressoes-b)	Testes novos	2026-10-09T12:23:33.5032113Z test_ensino_persistente (testes_evolucao.Testes.test_ensino_persistente) ... ok
testes (3.11, regressoes-b)	Testes novos	2026-10-09T12:23:35.0425064Z test_historico (testes_evolucao.Testes.test_historico) ... ok
testes (3.11, regressoes-b)	Testes novos	2026-10-09T12:23:36.2914737Z test_as_fontes_correspondem_a_cada_etapa (testes_evolucao_integrada.TestesEvolucaoIntegrada.test_as_fontes_correspondem_a_cada_etapa) ... ok
testes (3.11, regressoes-b)	Testes novos	2026-10-09T12:23:39.5219835Z test_bateria_autoral_completa (testes_evolucao_integrada.TestesEvolucaoIntegrada.test_bateria_autoral_completa) ... ok
testes (3.11, regressoes-b)	Testes novos	2026-10-09T12:23:39.5495367Z test_busca_de_detalhe_em_um_pedido_composto (testes_evolucao_integrada.TestesEvolucaoIntegrada.test_busca_de_detalhe_em_um_pedido_composto) ... ok
testes (3.11, regressoes-b)	Testes novos	2026-10-09T12:23:39.6079971Z test_busca_de_detalhes_exige_qualificadores_completos (testes_evolucao_integrada.TestesEvolucaoIntegrada.test_busca_de_detalhes_exige_qualificadores_completos) ... ok
testes (3.11, regressoes-b)	Testes novos	2026-10-09T12:23:41.9653833Z test_codigo_permanece_inteiro_em_todas_as_etapas (testes_evolucao_integrada.TestesEvolucaoIntegrada.test_codigo_permanece_inteiro_em_todas_as_etapas) ... ok
testes (3.11, regressoes-b)	Testes novos	2026-10-09T12:23:41.9872174Z test_comparacao_com_e_ordinais (testes_evolucao_integrada.TestesEvolucaoIntegrada.test_comparacao_com_e_ordinais) ... ok
testes (3.11, regressoes-b)	Testes novos	2026-10-09T12:23:43.1213316Z test_comparacao_usa_definicoes_sem_inventar_relacoes (testes_evolucao_integrada.TestesEvolucaoIntegrada.test_comparacao_usa_definicoes_sem_inventar_relacoes) ... ok
testes (3.11, regressoes-b)	Testes novos	2026-10-09T12:23:54.1486364Z test_composicao_cobre_todos_os_conceitos_cientificos (testes_evolucao_integrada.TestesEvolucaoIntegrada.test_composicao_cobre_todos_os_conceitos_cientificos) ... ok
testes (3.11, regressoes-b)	Testes novos	2026-10-09T12:23:54.1714374Z test_confirmacao_nao_escolhe_entre_alvos (testes_evolucao_integrada.TestesEvolucaoIntegrada.test_confirmacao_nao_escolhe_entre_alvos) ... ok
testes (3.11, regressoes-b)	Testes novos	2026-10-09T12:23:57.4349088Z test_determinismo_e_isolamento_http (testes_evolucao_integrada.TestesEvolucaoIntegrada.test_determinismo_e_isolamento_http) ... ok
testes (3.11, regressoes-b)	Testes novos	2026-10-09T12:23:57.4651865Z test_ensinar_reconstroi_o_indice_e_esquece_referencias (testes_evolucao_integrada.TestesEvolucaoIntegrada.test_ensinar_reconstroi_o_indice_e_esquece_referencias) ... ok
testes (3.11, regressoes-b)	Testes novos	2026-10-09T12:23:59.6788806Z test_limite_de_etapas_e_citacoes (testes_evolucao_integrada.TestesEvolucaoIntegrada.test_limite_de_etapas_e_citacoes) ... ok
testes (3.11, regressoes-b)	Testes novos	2026-10-09T12:24:00.8234766Z test_nega_pedido_completo_sem_executar_outros_trechos (testes_evolucao_integrada.TestesEvolucaoIntegrada.test_nega_pedido_completo_sem_executar_outros_trechos) ... ok
testes (3.11, regressoes-b)	Testes novos	2026-10-09T12:24:01.9355375Z test_parcial_indica_a_lacuna_e_preserva_o_conhecimento (testes_evolucao_integrada.TestesEvolucaoIntegrada.test_parcial_indica_a_lacuna_e_preserva_o_conhecimento) ... ok
testes (3.11, regressoes-b)	Testes novos	2026-10-09T12:24:03.1456342Z test_pedido_desconhecido_nao_resume_o_assunto_anterior (testes_evolucao_integrada.TestesEvolucaoIntegrada.test_pedido_desconhecido_nao_resume_o_assunto_anterior) ... ok
testes (3.11, regressoes-b)	Testes novos	2026-10-09T12:24:05.5494241Z test_prova_conservada_no_replay_e_na_transformacao (testes_evolucao_integrada.TestesEvolucaoIntegrada.test_prova_conservada_no_replay_e_na_transformacao) ... ok
testes (3.11, regressoes-b)	Testes novos	2026-10-09T12:24:07.7726909Z test_prova_na_composicao_com_outro_assunto (testes_evolucao_integrada.TestesEvolucaoIntegrada.test_prova_na_composicao_com_outro_assunto) ... ok
testes (3.11, regressoes-b)	Testes novos	2026-10-09T12:24:07.8410021Z test_referencia_expira_apos_recusa_e_troca_de_tema (testes_evolucao_integrada.TestesEvolucaoIntegrada.test_referencia_expira_apos_recusa_e_troca_de_tema) ... ok
testes (3.11, regressoes-b)	Testes novos	2026-10-09T12:24:09.0798013Z test_relato_com_uma_pergunta_nao_vira_plano_incompleto (testes_evolucao_integrada.TestesEvolucaoIntegrada.test_relato_com_uma_pergunta_nao_vira_plano_incompleto) ... ok
testes (3.11, regressoes-b)	Testes novos	2026-10-09T12:24:09.0997274Z test_resumo_em_uma_frase_preserva_as_evidencias (testes_evolucao_integrada.TestesEvolucaoIntegrada.test_resumo_em_uma_frase_preserva_as_evidencias) ... ok
testes (3.11, regressoes-b)	Testes novos	2026-10-09T12:24:09.1134984Z test_resumo_preserva_condicoes_numeros_e_limites (testes_evolucao_integrada.TestesEvolucaoIntegrada.test_resumo_preserva_condicoes_numeros_e_limites) ... ok
testes (3.11, regressoes-b)	Testes novos	2026-10-09T12:24:09.1298804Z test_base_customizada_nao_recebe_dados_por_acidente (testes_frutas.TestesConhecimentoFrutas.test_base_customizada_nao_recebe_dados_por_acidente) ... ok
testes (3.11, regressoes-b)	Testes novos	2026-10-09T12:24:25.1915341Z test_consultas_composicionais (testes_frutas.TestesConhecimentoFrutas.test_consultas_composicionais) ... ok
testes (3.11, regressoes-b)	Testes novos	2026-10-09T12:24:27.5272891Z test_contexto_curto_ajuda_na_referencia_mas_nao_inventa (testes_frutas.TestesConhecimentoFrutas.test_contexto_curto_ajuda_na_referencia_mas_nao_inventa) ... ok
testes (3.11, regressoes-b)	Testes novos	2026-10-09T12:24:27.5286031Z test_corpus_nao_cria_contradicoes_obvias (testes_frutas.TestesConhecimentoFrutas.test_corpus_nao_cria_contradicoes_obvias) ... ok
testes (3.11, regressoes-b)	Testes novos	2026-10-09T12:24:27.5294346Z test_corpus_vasto_e_validado (testes_frutas.TestesConhecimentoFrutas.test_corpus_vasto_e_validado) ... ok
testes (3.11, regressoes-b)	Testes novos	2026-10-09T12:24:37.6120713Z test_definicoes_especificas_sem_confundir_processo (testes_frutas.TestesConhecimentoFrutas.test_definicoes_especificas_sem_confundir_processo) ... ok
testes (3.11, regressoes-b)	Testes novos	2026-10-09T12:24:37.6123732Z test_deploy_servidor_inclui_o_catalogo_e_motor (testes_frutas.TestesConhecimentoFrutas.test_deploy_servidor_inclui_o_catalogo_e_motor) ... ok
testes (3.11, regressoes-b)	Testes novos	2026-10-09T12:24:38.8340522Z test_lista_eh_amostra_e_nao_afirma_cobertura_universal (testes_frutas.TestesConhecimentoFrutas.test_lista_eh_amostra_e_nao_afirma_cobertura_universal) ... ok
testes (3.11, regressoes-b)	Testes novos	2026-10-09T12:24:47.5941218Z test_mesma_regra_funciona_para_todo_o_catalogo (testes_frutas.TestesConhecimentoFrutas.test_mesma_regra_funciona_para_todo_o_catalogo) ... ok
testes (3.11, regressoes-b)	Testes novos	2026-10-09T12:24:54.4841528Z test_nao_estraga_perguntas_antigas_ou_conceitos_compostos (testes_frutas.TestesConhecimentoFrutas.test_nao_estraga_perguntas_antigas_ou_conceitos_compostos) ... ok
testes (3.11, regressoes-b)	Testes novos	2026-10-09T12:25:04.1775260Z test_pergunta_aberta_nao_confunde_frutas_com_fatos_ausentes (testes_frutas.TestesConhecimentoFrutas.test_pergunta_aberta_nao_confunde_frutas_com_fatos_ausentes) ... ok
testes (3.11, regressoes-b)	Testes novos	2026-10-09T12:25:06.4641312Z test_web_real_sem_outro_modelo_ou_endpoint_especial (testes_frutas.TestesConhecimentoFrutas.test_web_real_sem_outro_modelo_ou_endpoint_especial) ... ok
testes (3.11, regressoes-b)	Testes novos	2026-10-09T12:25:06.4734744Z test_assinatura_sensivel_a_modificacao (testes_generalizacao.GeneralizacaoTestes.test_assinatura_sensivel_a_modificacao) ... ok
testes (3.11, regressoes-b)	Testes novos	2026-10-09T12:25:06.4737009Z test_oraculo_nao_confunde_recusa_com_acerto_factual (testes_generalizacao.GeneralizacaoTestes.test_oraculo_nao_confunde_recusa_com_acerto_factual) ... ok
testes (3.11, regressoes-b)	Testes novos	2026-10-09T12:25:06.5447919Z test_rejeita_vazamento (testes_generalizacao.GeneralizacaoTestes.test_rejeita_vazamento) ... ok
testes (3.11, regressoes-b)	Testes novos	2026-10-09T12:25:06.5467825Z test_spans_anotados_apontam_para_texto_original (testes_generalizacao.GeneralizacaoTestes.test_spans_anotados_apontam_para_texto_original) ... ok
testes (3.11, regressoes-b)	Testes novos	2026-10-09T12:25:06.5484304Z test_tamanho_e_separacao_por_familia (testes_generalizacao.GeneralizacaoTestes.test_tamanho_e_separacao_por_familia) ... ok
testes (3.11, regressoes-b)	Testes novos	2026-10-09T12:25:06.5486780Z test_comeco_de_pergunta_ou_repetido (testes_geracao_ancorada.Guarda.test_comeco_de_pergunta_ou_repetido) ... ok
testes (3.11, regressoes-b)	Testes novos	2026-10-09T12:25:06.5497248Z test_guarda_completa (testes_geracao_ancorada.Guarda.test_guarda_completa) ... ok
testes (3.11, regressoes-b)	Testes novos	2026-10-09T12:25:06.5498536Z test_numeros_trocados (testes_geracao_ancorada.Guarda.test_numeros_trocados) ... ok
testes (3.11, regressoes-b)	Testes novos	2026-10-09T12:25:06.5502316Z test_omissao_de_valor_ou_negacao_rejeita_a_resposta (testes_geracao_ancorada.Guarda.test_omissao_de_valor_ou_negacao_rejeita_a_resposta) ... ok
testes (3.11, regressoes-b)	Testes novos	2026-10-09T12:25:06.5507955Z test_omissoes_de_mesma_raiz_repeticoes_e_siglas (testes_geracao_ancorada.Guarda.test_omissoes_de_mesma_raiz_repeticoes_e_siglas) ... ok
testes (3.11, regressoes-b)	Testes novos	2026-10-09T12:25:06.5509832Z test_palavra_trocada_muda_o_sentido (testes_geracao_ancorada.Guarda.test_palavra_trocada_muda_o_sentido) ... ok
testes (3.11, regressoes-b)	Testes novos	2026-10-09T12:25:06.5511576Z test_polaridade_e_repeticao (testes_geracao_ancorada.Guarda.test_polaridade_e_repeticao) ... ok
testes (3.11, regressoes-b)	Testes novos	2026-10-09T12:25:06.5515694Z test_quem_exige_nome (testes_geracao_ancorada.Guarda.test_quem_exige_nome) ... ok
testes (3.11, regressoes-b)	Testes novos	2026-10-09T12:25:06.5517114Z test_siglas_curtas_tambem_sao_conteudo (testes_geracao_ancorada.Guarda.test_siglas_curtas_tambem_sao_conteudo) ... ok
testes (3.11, regressoes-b)	Testes novos	2026-10-09T12:25:08.1306821Z test_comparacao_mantem_os_dois_assuntos_e_fontes (testes_geracao_ancorada.NoCrivo.test_comparacao_mantem_os_dois_assuntos_e_fontes) ... ok
testes (3.11, regressoes-b)	Testes novos	2026-10-09T12:25:09.3445894Z test_composicao_nao_apaga_repeticoes_legitimas_da_evidencia (testes_geracao_ancorada.NoCrivo.test_composicao_nao_apaga_repeticoes_legitimas_da_evidencia) ... ok
testes (3.11, regressoes-b)	Testes novos	2026-10-09T12:25:15.8292897Z test_definicoes_preservam_governados_estados_e_siglas (testes_geracao_ancorada.NoCrivo.test_definicoes_preservam_governados_estados_e_siglas) ... ok
testes (3.11, regressoes-b)	Testes novos	2026-10-09T12:25:18.1466269Z test_diagnostico_desligado_e_modelo_ausente (testes_geracao_ancorada.NoCrivo.test_diagnostico_desligado_e_modelo_ausente) ... ok
testes (3.11, regressoes-b)	Testes novos	2026-10-09T12:25:21.8103275Z test_fidelidade_nao_basta_quando_o_fato_nao_responde (testes_geracao_ancorada.NoCrivo.test_fidelidade_nao_basta_quando_o_fato_nao_responde) ... ok
testes (3.11, regressoes-b)	Testes novos	2026-10-09T12:25:25.2549440Z test_ligada_por_padrao_com_controle_explicito (testes_geracao_ancorada.NoCrivo.test_ligada_por_padrao_com_controle_explicito) ... ok
testes (3.11, regressoes-b)	Testes novos	2026-10-09T12:25:26.8674996Z test_quem_foi_continua_com_a_identidade (testes_geracao_ancorada.NoCrivo.test_quem_foi_continua_com_a_identidade) ... ok
testes (3.11, regressoes-b)	Testes novos	2026-10-09T12:25:31.4688263Z test_recusa_nao_e_promovida_so_por_confianca_da_busca (testes_geracao_ancorada.NoCrivo.test_recusa_nao_e_promovida_so_por_confianca_da_busca) ... ok
testes (3.11, regressoes-b)	Testes novos	2026-10-09T12:25:33.8161918Z test_registro_preserva_analise_e_estado_do_turno (testes_geracao_ancorada.NoCrivo.test_registro_preserva_analise_e_estado_do_turno) ... ok
testes (3.11, regressoes-b)	Testes novos	2026-10-09T12:25:36.3404698Z test_replay_resumo_e_fontes_usam_os_fatos_do_turno (testes_geracao_ancorada.NoCrivo.test_replay_resumo_e_fontes_usam_os_fatos_do_turno) ... ok
testes (3.11, regressoes-b)	Testes novos	2026-10-09T12:25:38.9784474Z test_resumo_da_comparacao_e_fontes_mantem_ambos_os_assuntos (testes_geracao_ancorada.NoCrivo.test_resumo_da_comparacao_e_fontes_mantem_ambos_os_assuntos) ... ok
testes (3.11, regressoes-b)	Testes novos	2026-10-09T12:25:40.8508017Z test_sim_ou_nao_fica_de_fora (testes_geracao_ancorada.NoCrivo.test_sim_ou_nao_fica_de_fora) ... ok
testes (3.11, regressoes-b)	Testes novos	2026-10-09T12:25:43.1020756Z test_web_e_crivo_usam_o_mesmo_padrao (testes_geracao_ancorada.NoCrivo.test_web_e_crivo_usam_o_mesmo_padrao) ... ok
testes (3.11, regressoes-b)	Testes novos	2026-10-09T12:25:43.1022801Z test_aprovada_e_sem_pesos_externos (testes_geracao_ancorada.Transformer.test_aprovada_e_sem_pesos_externos) ... ok
testes (3.11, regressoes-b)	Testes novos	2026-10-09T12:25:43.1536471Z test_escreve_a_partir_do_fato (testes_geracao_ancorada.Transformer.test_escreve_a_partir_do_fato) ... ok
testes (3.11, regressoes-b)	Testes novos	2026-10-09T12:25:44.2445131Z test_blocos_utf8_reconstroem_conversa_e_correcao (testes_http_chunked.ChunkedHTTPTestes.test_blocos_utf8_reconstroem_conversa_e_correcao) ... 127.0.0.1 - - [09/Oct/2026 12:25:44] "POST /api/chat HTTP/1.1" 200 -
testes (3.11, regressoes-b)	Testes novos	2026-10-09T12:25:45.3132954Z 127.0.0.1 - - [09/Oct/2026 12:25:45] "POST /api/chat HTTP/1.1" 200 -
testes (3.11, regressoes-b)	Testes novos	2026-10-09T12:25:45.3138142Z ok
testes (3.11, regressoes-b)	Testes novos	2026-10-09T12:25:46.3942423Z test_corpo_exatamente_no_limite (testes_http_chunked.ChunkedHTTPTestes.test_corpo_exatamente_no_limite) ... 127.0.0.1 - - [09/Oct/2026 12:25:46] "POST /api/chat HTTP/1.1" 200 -
testes (3.11, regressoes-b)	Testes novos	2026-10-09T12:25:46.3947431Z ok
testes (3.11, regressoes-b)	Testes novos	2026-10-09T12:25:46.3956448Z test_corpo_grande_vazio_ou_ambiguo_nao_chega_ao_crivo (testes_http_chunked.ChunkedHTTPTestes.test_corpo_grande_vazio_ou_ambiguo_nao_chega_ao_crivo) ... 127.0.0.1 - - [09/Oct/2026 12:25:46] "POST /api/chat HTTP/1.1" 413 -
testes (3.11, regressoes-b)	Testes novos	2026-10-09T12:25:46.3962693Z 127.0.0.1 - - [09/Oct/2026 12:25:46] "POST /api/chat HTTP/1.1" 413 -
testes (3.11, regressoes-b)	Testes novos	2026-10-09T12:25:46.3972222Z 127.0.0.1 - - [09/Oct/2026 12:25:46] "POST /api/chat HTTP/1.1" 400 -
testes (3.11, regressoes-b)	Testes novos	2026-10-09T12:25:46.3979774Z 127.0.0.1 - - [09/Oct/2026 12:25:46] "POST /api/chat HTTP/1.1" 400 -
testes (3.11, regressoes-b)	Testes novos	2026-10-09T12:25:46.3983371Z ok
testes (3.11, regressoes-b)	Testes novos	2026-10-09T12:25:46.4186010Z test_extensoes_trailers_e_termino_sem_esperar_eof (testes_http_chunked.ChunkedTestes.test_extensoes_trailers_e_termino_sem_esperar_eof) ... ok
testes (3.11, regressoes-b)	Testes novos	2026-10-09T12:25:46.4188787Z test_framing_malformado_ou_truncado_e_rejeitado (testes_http_chunked.ChunkedTestes.test_framing_malformado_ou_truncado_e_rejeitado) ... ok
testes (3.11, regressoes-b)	Testes novos	2026-10-09T12:25:46.4193713Z test_limite_rejeitado_antes_de_ler_payload (testes_http_chunked.ChunkedTestes.test_limite_rejeitado_antes_de_ler_payload) ... ok
testes (3.11, regressoes-b)	Testes novos	2026-10-09T12:25:46.4195860Z test_limite_soma_todos_os_blocos (testes_http_chunked.ChunkedTestes.test_limite_soma_todos_os_blocos) ... ok
testes (3.11, regressoes-b)	Testes novos	2026-10-09T12:25:46.4210193Z test_limites_de_trailers_e_quantidade_de_blocos (testes_http_chunked.ChunkedTestes.test_limites_de_trailers_e_quantidade_de_blocos) ... ok
testes (3.11, regressoes-b)	Testes novos	2026-10-09T12:25:46.4223124Z test_a_prova_disjunta_funciona_sem_nomes_conhecidos (testes_integracao_evidencias.TestesIntegracaoEvidencias.test_a_prova_disjunta_funciona_sem_nomes_conhecidos) ... ok
testes (3.11, regressoes-b)	Testes novos	2026-10-09T12:25:47.7684732Z test_afirmacao_com_fonte_editorial_usada_sem_perder_prova (testes_integracao_evidencias.TestesIntegracaoEvidencias.test_afirmacao_com_fonte_editorial_usada_sem_perder_prova) ... ok
testes (3.11, regressoes-b)	Testes novos	2026-10-09T12:25:51.2694480Z test_ausencia_de_prova_nao_gera_negacao (testes_integracao_evidencias.TestesIntegracaoEvidencias.test_ausencia_de_prova_nao_gera_negacao) ... ok
testes (3.11, regressoes-b)	Testes novos	2026-10-09T12:25:52.4329426Z test_conclusao_positiva_nova_continua_multissalto (testes_integracao_evidencias.TestesIntegracaoEvidencias.test_conclusao_positiva_nova_continua_multissalto) ... ok
testes (3.11, regressoes-b)	Testes novos	2026-10-09T12:25:53.6187135Z test_conflito_nao_contamina_deducoes_hipoteticas (testes_integracao_evidencias.TestesIntegracaoEvidencias.test_conflito_nao_contamina_deducoes_hipoteticas) ... ok
testes (3.11, regressoes-b)	Testes novos	2026-10-09T12:25:53.6377761Z test_fonte_inexistente_nao_ganha_validade_automatica (testes_integracao_evidencias.TestesIntegracaoEvidencias.test_fonte_inexistente_nao_ganha_validade_automatica) ... ok
testes (3.11, regressoes-b)	Testes novos	2026-10-09T12:25:53.6380878Z test_incompatibilidade_contraditoria_e_rejeitada (testes_integracao_evidencias.TestesIntegracaoEvidencias.test_incompatibilidade_contraditoria_e_rejeitada) ... ok
testes (3.11, regressoes-b)	Testes novos	2026-10-09T12:25:53.6383579Z test_incompatibilidade_nao_usa_parte_de (testes_integracao_evidencias.TestesIntegracaoEvidencias.test_incompatibilidade_nao_usa_parte_de) ... ok
testes (3.11, regressoes-b)	Testes novos	2026-10-09T12:25:55.9563344Z test_negação_explicita_consulta_texto_verificado (testes_integracao_evidencias.TestesIntegracaoEvidencias.test_negação_explicita_consulta_texto_verificado) ... ok
testes (3.11, regressoes-b)	Testes novos	2026-10-09T12:25:59.4754832Z test_perguntas_exatas_continuam_recuperando_texto_original (testes_integracao_evidencias.TestesIntegracaoEvidencias.test_perguntas_exatas_continuam_recuperando_texto_original) ... ok
testes (3.11, regressoes-b)	Testes novos	2026-10-09T12:26:01.7007608Z test_confirmacao_neural_preserva_alternativas_de_mais (testes_integracao_neural.TesteIntegracaoNeural.test_confirmacao_neural_preserva_alternativas_de_mais) ... ok
testes (3.11, regressoes-b)	Testes novos	2026-10-09T12:26:01.7244041Z test_integracao_e_compatibilidade (testes_integracao_neural.TesteIntegracaoNeural.test_integracao_e_compatibilidade) ... ok
testes (3.11, regressoes-b)	Testes novos	2026-10-09T12:26:02.8190990Z test_rejeita_pesos_incompativeis (testes_integracao_neural.TesteIntegracaoNeural.test_rejeita_pesos_incompativeis) ... ok
testes (3.11, regressoes-b)	Testes novos	2026-10-09T12:26:20.4012468Z test_casos_frozen_atravessam_api_e_replay (testes_integracao_raciocinio_ativo.TestesIntegracaoRaciocinioAtivo.test_casos_frozen_atravessam_api_e_replay) ... ok
testes (3.11, regressoes-b)	Testes novos	2026-10-09T12:26:21.5612148Z test_conhecimento_curado_continua_factual (testes_integracao_raciocinio_ativo.TestesIntegracaoRaciocinioAtivo.test_conhecimento_curado_continua_factual) ... ok
testes (3.11, regressoes-b)	Testes novos	2026-10-09T12:26:22.8007759Z test_hipotese_antiga_e_pergunta_condicional_comum_preservadas (testes_integracao_raciocinio_ativo.TestesIntegracaoRaciocinioAtivo.test_hipotese_antiga_e_pergunta_condicional_comum_preservadas) ... ok
testes (3.11, regressoes-b)	Testes novos	2026-10-09T12:26:24.0484051Z test_hipotese_nao_altera_grafo_curriculo_ou_memoria (testes_integracao_raciocinio_ativo.TestesIntegracaoRaciocinioAtivo.test_hipotese_nao_altera_grafo_curriculo_ou_memoria) ... ok
testes (3.11, regressoes-b)	Testes novos	2026-10-09T12:26:29.7905954Z test_prioridade_crise_codigo_e_ausencia_de_rastro_antigo (testes_integracao_raciocinio_ativo.TestesIntegracaoRaciocinioAtivo.test_prioridade_crise_codigo_e_ausencia_de_rastro_antigo) ... ok
testes (3.11, regressoes-b)	Testes novos	2026-10-09T12:26:36.5384659Z test_definicao_de_arvore_no_chat_real (testes_intencao_definicao.TestesIntencaoDefinicao.test_definicao_de_arvore_no_chat_real) ... ok
testes (3.11, regressoes-b)	Testes novos	2026-10-09T12:26:43.5450890Z test_definicao_desconhecida_nao_dispara_fenomeno_vizinho (testes_intencao_definicao.TestesIntencaoDefinicao.test_definicao_desconhecida_nao_dispara_fenomeno_vizinho) ... ok
testes (3.11, regressoes-b)	Testes novos	2026-10-09T12:26:44.7237476Z test_definicao_tem_que_apontar_ao_conceito_alvo (testes_intencao_definicao.TestesIntencaoDefinicao.test_definicao_tem_que_apontar_ao_conceito_alvo) ... ok
testes (3.11, regressoes-b)	Testes novos	2026-10-09T12:26:50.7426743Z test_definicoes_de_assuntos_existentes (testes_intencao_definicao.TestesIntencaoDefinicao.test_definicoes_de_assuntos_existentes) ... ok
testes (3.11, regressoes-b)	Testes novos	2026-10-09T12:26:53.1015002Z test_pergunta_causal_sobre_arvore_preservada (testes_intencao_definicao.TestesIntencaoDefinicao.test_pergunta_causal_sobre_arvore_preservada) ... ok
testes (3.11, regressoes-b)	Testes novos	2026-10-09T12:26:53.1021278Z test_caminhos_e_limites (testes_laboratorio_projetos.LaboratorioTestes.test_caminhos_e_limites) ... ok
testes (3.11, regressoes-b)	Testes novos	2026-10-09T12:26:53.1037629Z test_falha_fechada_sem_sandbox (testes_laboratorio_projetos.LaboratorioTestes.test_falha_fechada_sem_sandbox) ... ok
testes (3.11, regressoes-b)	Testes novos	2026-10-09T12:26:53.1053375Z test_familias_e_alvos_reservados (testes_laboratorio_projetos.LaboratorioTestes.test_familias_e_alvos_reservados) ... ok
testes (3.11, regressoes-b)	Testes novos	2026-10-09T12:26:53.1057348Z test_prompt_sem_gabarito (testes_laboratorio_projetos.LaboratorioTestes.test_prompt_sem_gabarito) ... ok
testes (3.11, regressoes-b)	Testes novos	2026-10-09T12:26:53.1091795Z test_protocolo_e_mutacao (testes_laboratorio_projetos.LaboratorioTestes.test_protocolo_e_mutacao) ... ok
testes (3.11, regressoes-b)	Testes novos	2026-10-09T12:26:53.1094588Z test_referencias_e_bloqueios_reais (testes_laboratorio_projetos.LaboratorioTestes.test_referencias_e_bloqueios_reais) ... skipped 'Integração Node isolado executada no workflow próprio'
testes (3.11, regressoes-b)	Testes novos	2026-10-09T12:26:53.1101420Z test_reparo_melhora_sem_inflar_primeira_tentativa (testes_laboratorio_projetos.LaboratorioTestes.test_reparo_melhora_sem_inflar_primeira_tentativa) ... ok
testes (3.11, regressoes-b)	Testes novos	2026-10-09T12:26:53.1109261Z test_reparo_nao_recebe_casos_reservados (testes_laboratorio_projetos.LaboratorioTestes.test_reparo_nao_recebe_casos_reservados) ... ok
testes (3.11, regressoes-b)	Testes novos	2026-10-09T12:26:54.8472814Z test_contexto_vira_entidade_do_estado (testes_leitura_ficha.Api.test_contexto_vira_entidade_do_estado) ... ok
testes (3.11, regressoes-b)	Testes novos	2026-10-09T12:26:57.5103480Z test_estado_interno_na_api (testes_leitura_ficha.Api.test_estado_interno_na_api) ... ok
testes (3.11, regressoes-b)	Testes novos	2026-10-09T12:26:59.6656937Z test_aproximacao_parcial_avisa_que_nao_e_exata (testes_leitura_ficha.Arbitro.test_aproximacao_parcial_avisa_que_nao_e_exata) ... ok
testes (3.11, regressoes-b)	Testes novos	2026-10-09T12:27:01.9224285Z test_desligada_mantem_a_recusa (testes_leitura_ficha.Arbitro.test_desligada_mantem_a_recusa) ... ok
testes (3.11, regressoes-b)	Testes novos	2026-10-09T12:27:03.0415113Z test_negacao_fica_fora_do_nicho (testes_leitura_ficha.Arbitro.test_negacao_fica_fora_do_nicho) ... ok
testes (3.11, regressoes-b)	Testes novos	2026-10-09T12:27:05.4306311Z test_premissa_absoluta_nao_vira_aproximacao (testes_leitura_ficha.Arbitro.test_premissa_absoluta_nao_vira_aproximacao) ... ok
testes (3.11, regressoes-b)	Testes novos	2026-10-09T12:27:06.9809924Z test_quantidade_sem_numero_nao_e_afirmada (testes_leitura_ficha.Arbitro.test_quantidade_sem_numero_nao_e_afirmada) ... ok
testes (3.11, regressoes-b)	Testes novos	2026-10-09T12:27:09.2374509Z test_recusa_vira_fato_da_ficha (testes_leitura_ficha.Arbitro.test_recusa_vira_fato_da_ficha) ... ok
testes (3.11, regressoes-b)	Testes novos	2026-10-09T12:27:10.6804999Z test_resposta_comum_nao_passa_pela_leitura (testes_leitura_ficha.Arbitro.test_resposta_comum_nao_passa_pela_leitura) ... ok
testes (3.11, regressoes-b)	Testes novos	2026-10-09T12:27:13.0364664Z test_resposta_e_o_fato_inteiro (testes_leitura_ficha.Arbitro.test_resposta_e_o_fato_inteiro) ... ok
testes (3.11, regressoes-b)	Testes novos	2026-10-09T12:29:36.4563093Z test_teste_congelado (testes_leitura_ficha.Catraca.test_teste_congelado) ... ok
testes (3.11, regressoes-b)	Testes novos	2026-10-09T12:29:37.5242833Z test_sem_artefato_aprovado_fica_desligado (testes_leitura_ficha.LeitorTransformer.test_sem_artefato_aprovado_fica_desligado) ... ok
testes (3.11, regressoes-b)	Testes novos	2026-10-09T12:29:37.5291962Z test_sequencia_fato_depois_pergunta (testes_leitura_ficha.LeitorTransformer.test_sequencia_fato_depois_pergunta) ... ok
testes (3.11, regressoes-b)	Testes novos	2026-10-09T12:29:37.5293948Z test_modelo_aprovado_com_precisao_registrada (testes_leitura_ficha.Modelo.test_modelo_aprovado_com_precisao_registrada) ... ok
testes (3.11, regressoes-b)	Testes novos	2026-10-09T12:29:38.5921328Z test_sem_modelo_vale_a_regra (testes_leitura_ficha.Modelo.test_sem_modelo_vale_a_regra) ... ok
testes (3.11, regressoes-b)	Testes novos	2026-10-09T12:29:38.6265505Z test_alvos_novos_e_ordem_da_comparacao (testes_linguagem_neural.LinguagemNeuralTestes.test_alvos_novos_e_ordem_da_comparacao) ... ok
testes (3.11, regressoes-b)	Testes novos	2026-10-09T12:29:38.6588094Z test_checkpoint_corrompido_e_atributos_incompativeis (testes_linguagem_neural.LinguagemNeuralTestes.test_checkpoint_corrompido_e_atributos_incompativeis) ... ok
testes (3.11, regressoes-b)	Testes novos	2026-10-09T12:29:40.8623817Z test_conserva_qualificador_e_condicao (testes_linguagem_neural.LinguagemNeuralTestes.test_conserva_qualificador_e_condicao) ... ok
testes (3.11, regressoes-b)	Testes novos	2026-10-09T12:29:43.2025271Z test_fallback_preserva_relato_e_autoconversa (testes_linguagem_neural.LinguagemNeuralTestes.test_fallback_preserva_relato_e_autoconversa) ... ok
testes (3.11, regressoes-b)	Testes novos	2026-10-09T12:29:45.6931636Z test_integracao_e_auditoria_sem_perder_original (testes_linguagem_neural.LinguagemNeuralTestes.test_integracao_e_auditoria_sem_perder_original) ... ok
testes (3.11, regressoes-b)	Testes novos	2026-10-09T12:29:48.0346931Z test_nega_pedido_sem_confundir_nao_saber (testes_linguagem_neural.LinguagemNeuralTestes.test_nega_pedido_sem_confundir_nao_saber) ... ok
testes (3.11, regressoes-b)	Testes novos	2026-10-09T12:29:48.0691132Z test_ordem_e_aprendida_em_pares_com_mesmas_palavras (testes_linguagem_neural.LinguagemNeuralTestes.test_ordem_e_aprendida_em_pares_com_mesmas_palavras) ... ok
testes (3.11, regressoes-b)	Testes novos	2026-10-09T12:29:48.0784603Z test_treino_e_validacao_nao_compartilham_familias_ou_alvos (testes_linguagem_neural.LinguagemNeuralTestes.test_treino_e_validacao_nao_compartilham_familias_ou_alvos) ... ok
testes (3.11, regressoes-b)	Testes novos	2026-10-09T12:29:48.0796656Z test_alvo_duplicado_entre_particoes_nao_entra_no_treino (testes_linguagem_profunda.TestesCuradoriaPublica.test_alvo_duplicado_entre_particoes_nao_entra_no_treino) ... ok
testes (3.11, regressoes-b)	Testes novos	2026-10-09T12:29:48.0798759Z test_recusa_fonte_incorreta_estrutura_identidade_e_reservados (testes_linguagem_profunda.TestesCuradoriaPublica.test_recusa_fonte_incorreta_estrutura_identidade_e_reservados) ... ok
testes (3.11, regressoes-b)	Testes novos	2026-10-09T12:29:48.0801583Z test_selecao_deterministica_preserva_textos_e_raiz (testes_linguagem_profunda.TestesCuradoriaPublica.test_selecao_deterministica_preserva_textos_e_raiz) ... ok
testes (3.11, regressoes-b)	Testes novos	2026-10-09T12:29:49.3497582Z test_candidato_livre_usa_historico_sem_rota_antiga_e_nao_cria_fatos (testes_linguagem_profunda.TestesIntegracaoSemDependencias.test_candidato_livre_usa_historico_sem_rota_antiga_e_nao_cria_fatos) ... ok
testes (3.11, regressoes-b)	Testes novos	2026-10-09T12:29:50.5392307Z test_fato_conhecido_preserva_resposta_com_candidato (testes_linguagem_profunda.TestesIntegracaoSemDependencias.test_fato_conhecido_preserva_resposta_com_candidato) ... ok
testes (3.11, regressoes-b)	Testes novos	2026-10-09T12:29:51.6388405Z test_padrao_nao_importa_torch_e_cliente_nao_escolhe_checkpoint (testes_linguagem_profunda.TestesIntegracaoSemDependencias.test_padrao_nao_importa_torch_e_cliente_nao_escolhe_checkpoint) ... ok
testes (3.11, regressoes-b)	Testes novos	2026-10-09T12:29:51.6392502Z test_atencao_nao_acessa_tokens_futuros (testes_linguagem_profunda.TestesMatematicaLinguagem.test_atencao_nao_acessa_tokens_futuros) ... skipped 'Laboratório opcional requer requirements-treino.txt; CI próprio instala e executa'
testes (3.11, regressoes-b)	Testes novos	2026-10-09T12:29:51.6396220Z test_cache_e_referencia_geram_mesmos_tokens_com_semente_fixa (testes_linguagem_profunda.TestesMatematicaLinguagem.test_cache_e_referencia_geram_mesmos_tokens_com_semente_fixa) ... skipped 'Laboratório opcional requer requirements-treino.txt; CI próprio instala e executa'
testes (3.11, regressoes-b)	Testes novos	2026-10-09T12:29:51.6399398Z test_cache_preserva_logits_inclusive_ao_reiniciar_posicoes (testes_linguagem_profunda.TestesMatematicaLinguagem.test_cache_preserva_logits_inclusive_ao_reiniciar_posicoes) ... skipped 'Laboratório opcional requer requirements-treino.txt; CI próprio instala e executa'
testes (3.11, regressoes-b)	Testes novos	2026-10-09T12:29:51.6402586Z test_checkpoint_recusa_tokenizer_alterado (testes_linguagem_profunda.TestesMatematicaLinguagem.test_checkpoint_recusa_tokenizer_alterado) ... skipped 'Laboratório opcional requer requirements-treino.txt; CI próprio instala e executa'
testes (3.11, regressoes-b)	Testes novos	2026-10-09T12:29:51.6405140Z test_historico_descarta_turno_inteiro_e_preserva_mensagem_atual (testes_linguagem_profunda.TestesMatematicaLinguagem.test_historico_descarta_turno_inteiro_e_preserva_mensagem_atual) ... skipped 'Laboratório opcional requer requirements-treino.txt; CI próprio instala e executa'
testes (3.11, regressoes-b)	Testes novos	2026-10-09T12:29:51.6408082Z test_melhor_checkpoint_e_parada_preservam_ultimo_estado (testes_linguagem_profunda.TestesMatematicaLinguagem.test_melhor_checkpoint_e_parada_preservam_ultimo_estado) ... skipped 'Laboratório opcional requer requirements-treino.txt; CI próprio instala e executa'
testes (3.11, regressoes-b)	Testes novos	2026-10-09T12:29:51.6411216Z test_migracao_de_carga_nao_aceita_corpus_ou_codigo_de_modelo_diferente (testes_linguagem_profunda.TestesMatematicaLinguagem.test_migracao_de_carga_nao_aceita_corpus_ou_codigo_de_modelo_diferente) ... skipped 'Laboratório opcional requer requirements-treino.txt; CI próprio instala e executa'
testes (3.11, regressoes-b)	Testes novos	2026-10-09T12:29:51.6413596Z test_pausa_fora_da_avaliacao_nao_altera_selecao_ou_paciencia (testes_linguagem_profunda.TestesMatematicaLinguagem.test_pausa_fora_da_avaliacao_nao_altera_selecao_ou_paciencia) ... skipped 'Laboratório opcional requer requirements-treino.txt; CI próprio instala e executa'
testes (3.11, regressoes-b)	Testes novos	2026-10-09T12:29:51.6415869Z test_perda_por_resposta_nao_da_mais_peso_a_resposta_longa (testes_linguagem_profunda.TestesMatematicaLinguagem.test_perda_por_resposta_nao_da_mais_peso_a_resposta_longa) ... skipped 'Laboratório opcional requer requirements-treino.txt; CI próprio instala e executa'
testes (3.11, regressoes-b)	Testes novos	2026-10-09T12:29:51.6418273Z test_pesos_publicados_carregam_com_tokenizer_e_relatorio_correspondentes (testes_linguagem_profunda.TestesMatematicaLinguagem.test_pesos_publicados_carregam_com_tokenizer_e_relatorio_correspondentes) ... skipped 'Laboratório opcional requer requirements-treino.txt; CI próprio instala e executa'
testes (3.11, regressoes-b)	Testes novos	2026-10-09T12:29:51.6420808Z test_retomada_cli_reproduz_modelo_e_adam_sem_perder_rng (testes_linguagem_profunda.TestesMatematicaLinguagem.test_retomada_cli_reproduz_modelo_e_adam_sem_perder_rng) ... skipped 'Laboratório opcional requer requirements-treino.txt; CI próprio instala e executa'
testes (3.11, regressoes-b)	Testes novos	2026-10-09T12:29:51.6423822Z test_sft_aprende_alvo_inteiro_uma_vez_sem_perda_no_usuario (testes_linguagem_profunda.TestesMatematicaLinguagem.test_sft_aprende_alvo_inteiro_uma_vez_sem_perda_no_usuario) ... skipped 'Laboratório opcional requer requirements-treino.txt; CI próprio instala e executa'
testes (3.11, regressoes-b)	Testes novos	2026-10-09T12:29:51.6426034Z test_texto_unicode_e_marcadores_citados_sao_literais (testes_linguagem_profunda.TestesMatematicaLinguagem.test_texto_unicode_e_marcadores_citados_sao_literais) ... skipped 'Laboratório opcional requer requirements-treino.txt; CI próprio instala e executa'
testes (3.11, regressoes-b)	Testes novos	2026-10-09T12:29:51.6428182Z test_citacoes_e_hipoteses_nao_criam_transicao_de_segmento (testes_memoria_dialogo.TestesMemoriaDialogo.test_citacoes_e_hipoteses_nao_criam_transicao_de_segmento) ... ok
testes (3.11, regressoes-b)	Testes novos	2026-10-09T12:29:51.6429505Z test_correcao_de_modo_considera_o_pedido_atual_sem_mutar (testes_memoria_dialogo.TestesMemoriaDialogo.test_correcao_de_modo_considera_o_pedido_atual_sem_mutar) ... ok
testes (3.11, regressoes-b)	Testes novos	2026-10-09T12:29:51.6431086Z test_correcao_sem_alvo_anterior_preserva_as_alternativas (testes_memoria_dialogo.TestesMemoriaDialogo.test_correcao_sem_alvo_anterior_preserva_as_alternativas) ... ok
testes (3.11, regressoes-b)	Testes novos	2026-10-09T12:29:51.6432401Z test_detalhe_acrescentado_nao_substitui_pessoa_do_evento (testes_memoria_dialogo.TestesMemoriaDialogo.test_detalhe_acrescentado_nao_substitui_pessoa_do_evento) ... ok
testes (3.11, regressoes-b)	Testes novos	2026-10-09T12:29:51.6441320Z test_emoção_propria_nao_vira_emocao_alheia_negada_ou_hipotetica (testes_memoria_dialogo.TestesMemoriaDialogo.test_emoção_propria_nao_vira_emocao_alheia_negada_ou_hipotetica) ... ok
testes (3.11, regressoes-b)	Testes novos	2026-10-09T12:29:51.6443849Z test_estado_isolado_e_resultados_nao_mutam_memoria (testes_memoria_dialogo.TestesMemoriaDialogo.test_estado_isolado_e_resultados_nao_mutam_memoria) ... ok
testes (3.11, regressoes-b)	Testes novos	2026-10-09T12:29:51.6448709Z test_expira_pelo_numero_de_turnos_incluindo_recusas (testes_memoria_dialogo.TestesMemoriaDialogo.test_expira_pelo_numero_de_turnos_incluindo_recusas) ... ok
testes (3.11, regressoes-b)	Testes novos	2026-10-09T12:29:51.6451532Z test_fontes_modelo_nunca_se_promovem_sem_evidencia (testes_memoria_dialogo.TestesMemoriaDialogo.test_fontes_modelo_nunca_se_promovem_sem_evidencia) ... ok
testes (3.11, regressoes-b)	Testes novos	2026-10-09T12:29:51.6457250Z test_fontes_relevantes_conservam_restricao_e_emocao_declaradas (testes_memoria_dialogo.TestesMemoriaDialogo.test_fontes_relevantes_conservam_restricao_e_emocao_declaradas) ... ok
testes (3.11, regressoes-b)	Testes novos	2026-10-09T12:29:51.6461879Z test_fontes_relevantes_incluem_relato_e_correcao_sem_texto_derivado (testes_memoria_dialogo.TestesMemoriaDialogo.test_fontes_relevantes_incluem_relato_e_correcao_sem_texto_derivado) ... ok
testes (3.11, regressoes-b)	Testes novos	2026-10-09T12:29:51.6466636Z test_fontes_relevantes_recuperam_falas_literais_sem_falas_do_modelo (testes_memoria_dialogo.TestesMemoriaDialogo.test_fontes_relevantes_recuperam_falas_literais_sem_falas_do_modelo) ... ok
testes (3.11, regressoes-b)	Testes novos	2026-10-09T12:29:51.6469366Z test_hipotese_nao_substitui_objetivo_declarado (testes_memoria_dialogo.TestesMemoriaDialogo.test_hipotese_nao_substitui_objetivo_declarado) ... ok
testes (3.11, regressoes-b)	Testes novos	2026-10-09T12:29:51.6476598Z test_historico_ativo_muda_e_retomada_nao_recupera_fonte_expirada (testes_memoria_dialogo.TestesMemoriaDialogo.test_historico_ativo_muda_e_retomada_nao_recupera_fonte_expirada) ... ok
testes (3.11, regressoes-b)	Testes novos	2026-10-09T12:29:51.6494667Z test_limites_e_retorno_de_fontes_nao_compartilham_mutacoes (testes_memoria_dialogo.TestesMemoriaDialogo.test_limites_e_retorno_de_fontes_nao_compartilham_mutacoes) ... ok
testes (3.11, regressoes-b)	Testes novos	2026-10-09T12:29:51.6498208Z test_mudanca_de_assunto_desativa_objetivo_sem_apagar_dialogo (testes_memoria_dialogo.TestesMemoriaDialogo.test_mudanca_de_assunto_desativa_objetivo_sem_apagar_dialogo) ... ok
testes (3.11, regressoes-b)	Testes novos	2026-10-09T12:29:51.6503032Z test_objetivo_recusado_nao_substitui_declaracao_e_negacao_tem_escopo (testes_memoria_dialogo.TestesMemoriaDialogo.test_objetivo_recusado_nao_substitui_declaracao_e_negacao_tem_escopo) ... ok
testes (3.11, regressoes-b)	Testes novos	2026-10-09T12:29:51.6504939Z test_pedido_atual_enriquece_contexto_sem_alterar_memoria (testes_memoria_dialogo.TestesMemoriaDialogo.test_pedido_atual_enriquece_contexto_sem_alterar_memoria) ... ok
testes (3.11, regressoes-b)	Testes novos	2026-10-09T12:29:51.6507667Z test_pergunta_pendente_e_inspecao_se_referem_a_resposta_real (testes_memoria_dialogo.TestesMemoriaDialogo.test_pergunta_pendente_e_inspecao_se_referem_a_resposta_real) ... ok
testes (3.11, regressoes-b)	Testes novos	2026-10-09T12:29:51.6509581Z test_pessoa_recusada_nao_vira_referente_ativo (testes_memoria_dialogo.TestesMemoriaDialogo.test_pessoa_recusada_nao_vira_referente_ativo) ... ok
testes (3.11, regressoes-b)	Testes novos	2026-10-09T12:29:51.6518529Z test_quadro_rejeitado_e_spans_invalidos_nao_promovem_relato (testes_memoria_dialogo.TestesMemoriaDialogo.test_quadro_rejeitado_e_spans_invalidos_nao_promovem_relato) ... ok
testes (3.11, regressoes-b)	Testes novos	2026-10-09T12:29:51.6522475Z test_referencia_ambigua_nao_escolhe_pessoa_arbitrariamente (testes_memoria_dialogo.TestesMemoriaDialogo.test_referencia_ambigua_nao_escolhe_pessoa_arbitrariamente) ... ok
testes (3.11, regressoes-b)	Testes novos	2026-10-09T12:29:51.6524472Z test_registra_respostas_reais_e_recusas_sem_promover_sentimentos (testes_memoria_dialogo.TestesMemoriaDialogo.test_registra_respostas_reais_e_recusas_sem_promover_sentimentos) ... ok
testes (3.11, regressoes-b)	Testes novos	2026-10-09T12:29:51.6526737Z test_reset_remove_tambem_fontes_e_memoria_antiga (testes_memoria_dialogo.TestesMemoriaDialogo.test_reset_remove_tambem_fontes_e_memoria_antiga) ... ok
testes (3.11, regressoes-b)	Testes novos	2026-10-09T12:29:51.6531398Z test_retificacao_preserva_fontes_e_atualiza_evento_e_entidade (testes_memoria_dialogo.TestesMemoriaDialogo.test_retificacao_preserva_fontes_e_atualiza_evento_e_entidade) ... ok
testes (3.11, regressoes-b)	Testes novos	2026-10-09T12:29:51.6536865Z test_retomada_explicita_recupera_segmento_fonte_sem_mesclar_objetivos (testes_memoria_dialogo.TestesMemoriaDialogo.test_retomada_explicita_recupera_segmento_fonte_sem_mesclar_objetivos) ... ok
testes (3.11, regressoes-b)	Testes novos	2026-10-09T12:29:51.6540718Z test_sem_analise_aceita_nao_extrai_comandos_por_palavras (testes_memoria_dialogo.TestesMemoriaDialogo.test_sem_analise_aceita_nao_extrai_comandos_por_palavras) ... ok
testes (3.11, regressoes-b)	Testes novos	2026-10-09T12:29:51.6543440Z test_span_citado_nao_se_torna_objetivo_do_usuario (testes_memoria_dialogo.TestesMemoriaDialogo.test_span_citado_nao_se_torna_objetivo_do_usuario) ... ok
testes (3.11, regressoes-b)	Testes novos	2026-10-09T12:29:51.6545278Z test_spans_exigem_literal_e_posicoes_reais (testes_memoria_dialogo.TestesMemoriaDialogo.test_spans_exigem_literal_e_posicoes_reais) ... ok
testes (3.11, regressoes-b)	Testes novos	2026-10-09T12:29:52.8814856Z test_chat_preserva_vinte_minutos_e_mochila_da_lia (testes_memoria_sessao.TestesIntegracaoMemoriaSessao.test_chat_preserva_vinte_minutos_e_mochila_da_lia) ... ok
testes (3.11, regressoes-b)	Testes novos	2026-10-09T12:29:54.0078888Z test_reinicio_nativo_limpa_a_memoria_nova (testes_memoria_sessao.TestesIntegracaoMemoriaSessao.test_reinicio_nativo_limpa_a_memoria_nova) ... ok
testes (3.11, regressoes-b)	Testes novos	2026-10-09T12:29:55.3532766Z test_rotas_factuais_crise_e_codigo_preservadas (testes_memoria_sessao.TestesIntegracaoMemoriaSessao.test_rotas_factuais_crise_e_codigo_preservadas) ... ok
testes (3.11, regressoes-b)	Testes novos	2026-10-09T12:29:58.6183661Z test_web_reconstroi_historico_e_nao_compartilha_estado (testes_memoria_sessao.TestesIntegracaoMemoriaSessao.test_web_reconstroi_historico_e_nao_compartilha_estado) ... ok
testes (3.11, regressoes-b)	Testes novos	2026-10-09T12:29:58.6194638Z test_agenda_multiclausula_ficcao_e_pergunta_sem_evidencia_mantem_rotas (testes_memoria_sessao.TestesMemoriaSessao.test_agenda_multiclausula_ficcao_e_pergunta_sem_evidencia_mantem_rotas) ... ok
testes (3.11, regressoes-b)	Testes novos	2026-10-09T12:29:58.6213898Z test_atribuicao_relata_sem_promover_para_usuario (testes_memoria_sessao.TestesMemoriaSessao.test_atribuicao_relata_sem_promover_para_usuario) ... ok
testes (3.11, regressoes-b)	Testes novos	2026-10-09T12:29:58.6218459Z test_copia_isolamento_reinicio_e_mudanca_de_tema (testes_memoria_sessao.TestesMemoriaSessao.test_copia_isolamento_reinicio_e_mudanca_de_tema) ... ok
testes (3.11, regressoes-b)	Testes novos	2026-10-09T12:29:58.6224513Z test_correcao_preserva_local_e_apos_retracao_nao_inventa_cor (testes_memoria_sessao.TestesMemoriaSessao.test_correcao_preserva_local_e_apos_retracao_nao_inventa_cor) ... ok
testes (3.11, regressoes-b)	Testes novos	2026-10-09T12:29:58.6227613Z test_hipoteses_perguntas_e_citacoes_nao_substituem_preferencia (testes_memoria_sessao.TestesMemoriaSessao.test_hipoteses_perguntas_e_citacoes_nao_substituem_preferencia) ... ok
testes (3.11, regressoes-b)	Testes novos	2026-10-09T12:29:58.6231431Z test_negacao_propria_retrai_sem_trocar_pessoa (testes_memoria_sessao.TestesMemoriaSessao.test_negacao_propria_retrai_sem_trocar_pessoa) ... ok
testes (3.11, regressoes-b)	Testes novos	2026-10-09T12:29:58.6237163Z test_pedidos_de_operacao_nao_inventam_pessoas_ou_objetivos (testes_memoria_sessao.TestesMemoriaSessao.test_pedidos_de_operacao_nao_inventam_pessoas_ou_objetivos) ... ok
testes (3.11, regressoes-b)	Testes novos	2026-10-09T12:29:58.6241418Z test_pronome_ambiguo_nao_usa_apenas_a_ultima_pessoa (testes_memoria_sessao.TestesMemoriaSessao.test_pronome_ambiguo_nao_usa_apenas_a_ultima_pessoa) ... ok
testes (3.11, regressoes-b)	Testes novos	2026-10-09T12:29:58.6244444Z test_query_nunca_vira_fonte_e_negacao_nao_apaga_valor_diferente (testes_memoria_sessao.TestesMemoriaSessao.test_query_nunca_vira_fonte_e_negacao_nao_apaga_valor_diferente) ... ok
testes (3.11, regressoes-b)	Testes novos	2026-10-09T12:29:58.6253379Z test_renomear_pessoas_objetos_e_preferencias_preserva_relacao (testes_memoria_sessao.TestesMemoriaSessao.test_renomear_pessoas_objetos_e_preferencias_preserva_relacao) ... ok
testes (3.11, regressoes-b)	Testes novos	2026-10-09T12:29:58.6272454Z test_health_e_correcao_http_real (testes_motor_programacao_chat.MotorChatHTTPTestes.test_health_e_correcao_http_real) ... 127.0.0.1 - - [09/Oct/2026 12:29:58] "GET /api/chat HTTP/1.1" 200 -
testes (3.11, regressoes-b)	Testes novos	2026-10-09T12:29:59.7208355Z 127.0.0.1 - - [09/Oct/2026 12:29:59] "POST /api/chat HTTP/1.1" 200 -
testes (3.11, regressoes-b)	Testes novos	2026-10-09T12:29:59.7214097Z ok
testes (3.11, regressoes-b)	Testes novos	2026-10-09T12:30:00.8207310Z test_slice_utf16_isolado_chega_ao_navegador_sem_erro_http (testes_motor_programacao_chat.MotorChatHTTPTestes.test_slice_utf16_isolado_chega_ao_navegador_sem_erro_http) ... 127.0.0.1 - - [09/Oct/2026 12:30:00] "POST /api/chat HTTP/1.1" 200 -
testes (3.11, regressoes-b)	Testes novos	2026-10-09T12:30:00.8210346Z ok
testes (3.11, regressoes-b)	Testes novos	2026-10-09T12:30:01.9014637Z test_capacidades_descrevem_motor_ativo (testes_motor_programacao_chat.MotorChatTestes.test_capacidades_descrevem_motor_ativo) ... ok
testes (3.11, regressoes-b)	Testes novos	2026-10-09T12:30:02.9679266Z test_crivo_usa_motor_preservando_fonte_e_conversa_normal (testes_motor_programacao_chat.MotorChatTestes.test_crivo_usa_motor_preservando_fonte_e_conversa_normal) ... ok
testes (3.11, regressoes-b)	Testes novos	2026-10-09T12:30:06.3737925Z test_dois_turnos_reconstroem_contrato_em_requisicoes_independentes (testes_motor_programacao_chat.MotorChatTestes.test_dois_turnos_reconstroem_contrato_em_requisicoes_independentes) ... ok
testes (3.11, regressoes-b)	Testes novos	2026-10-09T12:30:06.3751209Z test_empacotamento_respeita_limite_vercel_e_inclui_pesos (testes_motor_programacao_chat.MotorChatTestes.test_empacotamento_respeita_limite_vercel_e_inclui_pesos) ... ok
testes (3.11, regressoes-b)	Testes novos	2026-10-09T12:30:06.3767204Z test_exemplos_primeiro_e_nova_fonte_nao_herda_outro_contrato (testes_motor_programacao_chat.MotorChatTestes.test_exemplos_primeiro_e_nova_fonte_nao_herda_outro_contrato) ... ok
testes (3.11, regressoes-b)	Testes novos	2026-10-09T12:30:06.3774436Z test_interpreta_funcao_typescript_e_rastreia_estados (testes_motor_programacao_chat.MotorChatTestes.test_interpreta_funcao_typescript_e_rastreia_estados) ... ok
testes (3.11, regressoes-b)	Testes novos	2026-10-09T12:30:06.3783445Z test_mencionar_codigo_em_um_texto_nao_aciona_programacao (testes_motor_programacao_chat.MotorChatTestes.test_mencionar_codigo_em_um_texto_nao_aciona_programacao) ... ok
testes (3.11, regressoes-b)	Testes novos	2026-10-09T12:30:07.4442277Z test_modelo_proprio_em_uso_e_integridade_dos_pesos (testes_motor_programacao_chat.MotorChatTestes.test_modelo_proprio_em_uso_e_integridade_dos_pesos) ... ok
testes (3.11, regressoes-b)	Testes novos	2026-10-09T12:30:07.4461769Z test_rejeita_host_referencia_reserva_tipos_e_orcamento (testes_motor_programacao_chat.MotorChatTestes.test_rejeita_host_referencia_reserva_tipos_e_orcamento) ... ok
testes (3.11, regressoes-b)	Testes novos	2026-10-09T12:30:08.5459446Z test_replay_nao_reexecuta_buscas (testes_motor_programacao_chat.MotorChatTestes.test_replay_nao_reexecuta_buscas) ... ok
testes (3.11, regressoes-b)	Testes novos	2026-10-09T12:30:08.5610987Z test_sintese_e_regressao_de_tipo (testes_motor_programacao_chat.MotorChatTestes.test_sintese_e_regressao_de_tipo) ... ok
testes (3.11, regressoes-b)	Testes novos	2026-10-09T12:30:08.5616020Z test_strings_mantem_grafia_e_erros_de_execucao_sao_respostas (testes_motor_programacao_chat.MotorChatTestes.test_strings_mantem_grafia_e_erros_de_execucao_sao_respostas) ... ok
testes (3.11, regressoes-b)	Testes novos	2026-10-09T12:30:08.5774502Z test_alteracao_real_e_recusada_sem_sobrescrever_arquivo (testes_notebook_transformer_16m.InicializacaoColab.test_alteracao_real_e_recusada_sem_sobrescrever_arquivo) ... Cloning into '/tmp/tmptwwjen3t/checkout'...
testes (3.11, regressoes-b)	Testes novos	2026-10-09T12:30:08.5840824Z done.
testes (3.11, regressoes-b)	Testes novos	2026-10-09T12:30:08.6010077Z From /tmp/tmptwwjen3t/origem
testes (3.11, regressoes-b)	Testes novos	2026-10-09T12:30:08.6011133Z  * branch            654c2db8efba4a7d8cb8cab75ea956817e81ccdd -> FETCH_HEAD
testes (3.11, regressoes-b)	Testes novos	2026-10-09T12:30:08.6052967Z HEAD is now at 654c2db fixture local
testes (3.11, regressoes-b)	Testes novos	2026-10-09T12:30:08.6140491Z ok
testes (3.11, regressoes-b)	Testes novos	2026-10-09T12:30:08.6421735Z test_arquivo_nao_rastreado_em_clone_incompleto_e_preservado (testes_notebook_transformer_16m.InicializacaoColab.test_arquivo_nao_rastreado_em_clone_incompleto_e_preservado) ... ok
testes (3.11, regressoes-b)	Testes novos	2026-10-09T12:30:08.6561243Z test_primeira_execucao_clona_e_materializa_a_revisao (testes_notebook_transformer_16m.InicializacaoColab.test_primeira_execucao_clona_e_materializa_a_revisao) ... Cloning into '/tmp/tmpt5w3hg4w/checkout'...
testes (3.11, regressoes-b)	Testes novos	2026-10-09T12:30:08.6613102Z done.
testes (3.11, regressoes-b)	Testes novos	2026-10-09T12:30:08.6761455Z From /tmp/tmpt5w3hg4w/origem
testes (3.11, regressoes-b)	Testes novos	2026-10-09T12:30:08.6761982Z  * branch            654c2db8efba4a7d8cb8cab75ea956817e81ccdd -> FETCH_HEAD
testes (3.11, regressoes-b)	Testes novos	2026-10-09T12:30:08.6805225Z HEAD is now at 654c2db fixture local
testes (3.11, regressoes-b)	Testes novos	2026-10-09T12:30:08.6877082Z ok
testes (3.11, regressoes-b)	Testes novos	2026-10-09T12:30:08.7232482Z test_recupera_o_clone_incompleto_deixado_pela_celula_antiga (testes_notebook_transformer_16m.InicializacaoColab.test_recupera_o_clone_incompleto_deixado_pela_celula_antiga) ... From /tmp/tmpy38t90sv/origem
testes (3.11, regressoes-b)	Testes novos	2026-10-09T12:30:08.7233629Z  * branch            654c2db8efba4a7d8cb8cab75ea956817e81ccdd -> FETCH_HEAD
testes (3.11, regressoes-b)	Testes novos	2026-10-09T12:30:08.7273665Z HEAD is now at 654c2db fixture local
testes (3.11, regressoes-b)	Testes novos	2026-10-09T12:30:08.7324701Z ok
testes (3.11, regressoes-b)	Testes novos	2026-10-09T12:30:08.7461470Z test_reexecutar_preserva_checkpoint_no_drive_e_revisao_fixada (testes_notebook_transformer_16m.InicializacaoColab.test_reexecutar_preserva_checkpoint_no_drive_e_revisao_fixada) ... Cloning into '/tmp/tmpetopjz0i/checkout'...
testes (3.11, regressoes-b)	Testes novos	2026-10-09T12:30:08.7513519Z done.
testes (3.11, regressoes-b)	Testes novos	2026-10-09T12:30:08.7663461Z From /tmp/tmpetopjz0i/origem
testes (3.11, regressoes-b)	Testes novos	2026-10-09T12:30:08.7663980Z  * branch            654c2db8efba4a7d8cb8cab75ea956817e81ccdd -> FETCH_HEAD
testes (3.11, regressoes-b)	Testes novos	2026-10-09T12:30:08.7705496Z HEAD is now at 654c2db fixture local
testes (3.11, regressoes-b)	Testes novos	2026-10-09T12:30:08.7917995Z From /tmp/tmpetopjz0i/origem
testes (3.11, regressoes-b)	Testes novos	2026-10-09T12:30:08.7918789Z  * branch            654c2db8efba4a7d8cb8cab75ea956817e81ccdd -> FETCH_HEAD
testes (3.11, regressoes-b)	Testes novos	2026-10-09T12:30:08.7958124Z HEAD is now at 654c2db fixture local
testes (3.11, regressoes-b)	Testes novos	2026-10-09T12:30:08.8015074Z ok
testes (3.11, regressoes-b)	Testes novos	2026-10-09T12:30:08.8017062Z test_dois_blocos_reproduzem_treino_continuo_sem_reiniciar_lr_adam_ou_rng (testes_notebook_transformer_16m.RetomadaBlocosColab.test_dois_blocos_reproduzem_treino_continuo_sem_reiniciar_lr_adam_ou_rng) ... skipped 'Retomada requer as ferramentas opcionais de treino'
testes (3.11, regressoes-b)	Testes novos	2026-10-09T12:30:08.8024028Z test_determinismo_e_norma (testes_ordem.OrdemTestes.test_determinismo_e_norma) ... ok
testes (3.11, regressoes-b)	Testes novos	2026-10-09T12:30:08.8044245Z test_novo_vetor_distingue_pares (testes_ordem.OrdemTestes.test_novo_vetor_distingue_pares) ... ok
testes (3.11, regressoes-b)	Testes novos	2026-10-09T12:30:08.8045360Z test_parametros (testes_ordem.OrdemTestes.test_parametros) ... ok
testes (3.11, regressoes-b)	Testes novos	2026-10-09T12:30:08.8054451Z test_pares_sem_ordem_colidem (testes_ordem.OrdemTestes.test_pares_sem_ordem_colidem) ... ok
testes (3.11, regressoes-b)	Testes novos	2026-10-09T12:30:08.8073157Z test_peso_zero_eh_baseline_bit_a_bit (testes_ordem.OrdemTestes.test_peso_zero_eh_baseline_bit_a_bit) ... ok
testes (3.11, regressoes-b)	Testes novos	2026-10-09T12:30:08.8077886Z test_pesos_fracos_preservam_sinal_lexical (testes_ordem.OrdemTestes.test_pesos_fracos_preservam_sinal_lexical) ... ok
testes (3.11, regressoes-b)	Testes novos	2026-10-09T12:30:58.0426310Z test_catraca (testes_pertinencia.TestesPertinencia.test_catraca) ... ok
testes (3.11, regressoes-b)	Testes novos	2026-10-09T12:30:59.2517147Z test_cena_vista_de_fora_não_traz_noção (testes_pertinencia.TestesPertinencia.test_cena_vista_de_fora_não_traz_noção) ... ok
testes (3.11, regressoes-b)	Testes novos	2026-10-09T12:31:00.4366820Z test_cirurgia_é_saúde_e_ainda_vai_acontecer (testes_pertinencia.TestesPertinencia.test_cirurgia_é_saúde_e_ainda_vai_acontecer) ... ok
testes (3.11, regressoes-b)	Testes novos	2026-10-09T12:31:02.9278360Z test_controle_noção_que_combina_continua (testes_pertinencia.TestesPertinencia.test_controle_noção_que_combina_continua) ... ok
testes (3.11, regressoes-b)	Testes novos	2026-10-09T12:31:04.1158445Z test_eco_converte_primeira_pessoa (testes_pertinencia.TestesPertinencia.test_eco_converte_primeira_pessoa) ... ok
testes (3.11, regressoes-b)	Testes novos	2026-10-09T12:31:04.1226938Z test_noção_só_quando_o_acontecimento_combina (testes_pertinencia.TestesPertinencia.test_noção_só_quando_o_acontecimento_combina) ... ok
testes (3.11, regressoes-b)	Testes novos	2026-10-09T12:31:05.3850159Z test_pergunta_vai_para_quem_viveu (testes_pertinencia.TestesPertinencia.test_pergunta_vai_para_quem_viveu) ... ok
testes (3.11, regressoes-b)	Testes novos	2026-10-09T12:31:06.4075459Z test_curriculo_novo_preserva_ranking_dos_assuntos_gerais (testes_programacao.TestesProgramacao.test_curriculo_novo_preserva_ranking_dos_assuntos_gerais) ... ok
testes (3.11, regressoes-b)	Testes novos	2026-10-09T12:31:06.4089300Z test_curriculo_sem_colisoes_e_com_cobertura (testes_programacao.TestesProgramacao.test_curriculo_sem_colisoes_e_com_cobertura) ... ok
testes (3.11, regressoes-b)	Testes novos	2026-10-09T12:31:09.0536078Z test_exemplos_do_menu_e_ensino_na_nova_categoria (testes_programacao.TestesProgramacao.test_exemplos_do_menu_e_ensino_na_nova_categoria) ... ok
testes (3.11, regressoes-b)	Testes novos	2026-10-09T12:31:09.3535722Z test_exemplos_javascript (testes_programacao.TestesProgramacao.test_exemplos_javascript) ... ok
testes (3.11, regressoes-b)	Testes novos	2026-10-09T12:31:09.5422928Z test_exemplos_python_executam_e_produzem_saida_esperada (testes_programacao.TestesProgramacao.test_exemplos_python_executam_e_produzem_saida_esperada) ... ok
testes (3.11, regressoes-b)	Testes novos	2026-10-09T12:31:09.5426954Z test_exemplos_sql_em_banco_temporario (testes_programacao.TestesProgramacao.test_exemplos_sql_em_banco_temporario) ... ok
testes (3.11, regressoes-b)	Testes novos	2026-10-09T12:31:13.1968597Z test_linguagem_explicita_nao_recebe_exemplo_de_outra (testes_programacao.TestesProgramacao.test_linguagem_explicita_nao_recebe_exemplo_de_outra) ... ok
testes (3.11, regressoes-b)	Testes novos	2026-10-09T12:31:18.2251949Z test_nao_promete_programas_que_nao_sabe_criar (testes_programacao.TestesProgramacao.test_nao_promete_programas_que_nao_sabe_criar) ... ok
testes (3.11, regressoes-b)	Testes novos	2026-10-09T12:31:18.3008190Z test_operadores_nao_viram_a_mesma_pergunta (testes_programacao.TestesProgramacao.test_operadores_nao_viram_a_mesma_pergunta) ... ok
testes (3.11, regressoes-b)	Testes novos	2026-10-09T12:32:16.5185238Z test_perguntas_fora_do_treino (testes_programacao.TestesProgramacao.test_perguntas_fora_do_treino) ... ok
testes (3.11, regressoes-b)	Testes novos	2026-10-09T12:35:44.1809142Z test_todas_as_perguntas_ensinadas (testes_programacao.TestesProgramacao.test_todas_as_perguntas_ensinadas) ... ok
testes (3.11, regressoes-b)	Testes novos	2026-10-09T12:35:46.3262248Z test_antonimo_nunca_e_aproximado (testes_quadro_e_vetores.TestesLexico.test_antonimo_nunca_e_aproximado) ... ok
testes (3.11, regressoes-b)	Testes novos	2026-10-09T12:35:46.3265751Z test_lexico_tem_reservados_sem_palavras_de_treino (testes_quadro_e_vetores.TestesLexico.test_lexico_tem_reservados_sem_palavras_de_treino) ... ok
testes (3.11, regressoes-b)	Testes novos	2026-10-09T12:35:48.1541200Z test_sinonimo_listado_e_aproximado_com_aviso (testes_quadro_e_vetores.TestesLexico.test_sinonimo_listado_e_aproximado_com_aviso) ... ok
testes (3.11, regressoes-b)	Testes novos	2026-10-09T12:35:51.4806704Z test_fichas_de_busca_nao_alteram_definicoes_antigas (testes_quadro_e_vetores.TestesQuadro.test_fichas_de_busca_nao_alteram_definicoes_antigas) ... ok
testes (3.11, regressoes-b)	Testes novos	2026-10-09T12:35:51.6421308Z test_intencoes_e_assunto (testes_quadro_e_vetores.TestesQuadro.test_intencoes_e_assunto) ... ok
testes (3.11, regressoes-b)	Testes novos	2026-10-09T12:35:51.6884051Z test_motivos_de_recusa (testes_quadro_e_vetores.TestesQuadro.test_motivos_de_recusa) ... ok
testes (3.11, regressoes-b)	Testes novos	2026-10-09T12:35:51.7035315Z test_nome_proprio_sem_plural_e_posse (testes_quadro_e_vetores.TestesQuadro.test_nome_proprio_sem_plural_e_posse) ... ok
testes (3.11, regressoes-b)	Testes novos	2026-10-09T12:35:53.8371080Z test_quadro_registrado_no_historico (testes_quadro_e_vetores.TestesQuadro.test_quadro_registrado_no_historico) ... ok
testes (3.11, regressoes-b)	Testes novos	2026-10-09T12:35:56.6170895Z test_uma_palavra_aproximada_com_aviso (testes_quadro_e_vetores.TestesVetores.test_uma_palavra_aproximada_com_aviso) ... ok
testes (3.11, regressoes-b)	Testes novos	2026-10-09T12:35:56.6257591Z test_vetores_do_repositorio_com_antonimos_proximos_ficam_desligados (testes_quadro_e_vetores.TestesVetores.test_vetores_do_repositorio_com_antonimos_proximos_ficam_desligados) ... ok
testes (3.11, regressoes-b)	Testes novos	2026-10-09T12:35:56.6271178Z test_vetores_sem_controle_de_qualidade_ficam_desligados (testes_quadro_e_vetores.TestesVetores.test_vetores_sem_controle_de_qualidade_ficam_desligados) ... ok
testes (3.11, regressoes-b)	Testes novos	2026-10-09T12:36:04.8063034Z test_fatos_combinados_sem_pergunta_pronta (testes_raciocinio.TestesRaciocinioRelacional.test_fatos_combinados_sem_pergunta_pronta) ... ok
testes (3.11, regressoes-b)	Testes novos	2026-10-09T12:36:04.8069431Z test_fatos_novos_sinteticos_usam_mesmo_algoritmo (testes_raciocinio.TestesRaciocinioRelacional.test_fatos_novos_sinteticos_usam_mesmo_algoritmo) ... ok
testes (3.11, regressoes-b)	Testes novos	2026-10-09T12:36:04.8281763Z test_grafo_nao_contamina_base_personalizada (testes_raciocinio.TestesRaciocinioRelacional.test_grafo_nao_contamina_base_personalizada) ... ok
testes (3.11, regressoes-b)	Testes novos	2026-10-09T12:36:04.8284401Z test_grafo_rejeita_alias_colidente (testes_raciocinio.TestesRaciocinioRelacional.test_grafo_rejeita_alias_colidente) ... ok
testes (3.11, regressoes-b)	Testes novos	2026-10-09T12:36:04.8286111Z test_grafo_rejeita_ciclos (testes_raciocinio.TestesRaciocinioRelacional.test_grafo_rejeita_ciclos) ... ok
testes (3.11, regressoes-b)	Testes novos	2026-10-09T12:36:06.1883911Z test_hipotese_nao_vira_fato_do_conhecimento (testes_raciocinio.TestesRaciocinioRelacional.test_hipotese_nao_vira_fato_do_conhecimento) ... ok
testes (3.11, regressoes-b)	Testes novos	2026-10-09T12:36:09.7031987Z test_nao_concluir_negacao_por_ausencia (testes_raciocinio.TestesRaciocinioRelacional.test_nao_concluir_negacao_por_ausencia) ... ok
testes (3.11, regressoes-b)	Testes novos	2026-10-09T12:36:10.7228178Z test_nao_intercepta_perguntas_desconhecidas_ou_abertas (testes_raciocinio.TestesRaciocinioRelacional.test_nao_intercepta_perguntas_desconhecidas_ou_abertas) ... ok
testes (3.11, regressoes-b)	Testes novos	2026-10-09T12:36:11.8697058Z test_negacao_nao_e_reescrita_para_afirmacao (testes_raciocinio.TestesRaciocinioRelacional.test_negacao_nao_e_reescrita_para_afirmacao) ... ok
testes (3.11, regressoes-b)	Testes novos	2026-10-09T12:36:11.8699246Z test_normalizacao_preserva_entidade_composta (testes_raciocinio.TestesRaciocinioRelacional.test_normalizacao_preserva_entidade_composta) ... ok
testes (3.11, regressoes-b)	Testes novos	2026-10-09T12:36:11.8701942Z test_premissa_hipotetica_negada_nao_eh_tratada_como_fato (testes_raciocinio.TestesRaciocinioRelacional.test_premissa_hipotetica_negada_nao_eh_tratada_como_fato) ... ok
testes (3.11, regressoes-b)	Testes novos	2026-10-09T12:36:11.8704111Z test_prova_usa_apenas_um_tipo_por_vez (testes_raciocinio.TestesRaciocinioRelacional.test_prova_usa_apenas_um_tipo_por_vez) ... ok
testes (3.11, regressoes-b)	Testes novos	2026-10-09T12:36:13.0588846Z test_silogismo_com_classes_nunca_cadastradas (testes_raciocinio.TestesRaciocinioRelacional.test_silogismo_com_classes_nunca_cadastradas) ... ok
testes (3.11, regressoes-b)	Testes novos	2026-10-09T12:36:14.2392091Z test_silogismo_nao_afirma_conclusao_invertida (testes_raciocinio.TestesRaciocinioRelacional.test_silogismo_nao_afirma_conclusao_invertida) ... ok
testes (3.11, regressoes-b)	Testes novos	2026-10-09T12:36:14.2405338Z test_contrafactual_nao_muda_base (testes_raciocinio_ativo.TestesMemoriaRaciocinio.test_contrafactual_nao_muda_base) ... ok
testes (3.11, regressoes-b)	Testes novos	2026-10-09T12:36:14.2412108Z test_entrada_incompleta_e_orcamento_nao_corrompem_base (testes_raciocinio_ativo.TestesMemoriaRaciocinio.test_entrada_incompleta_e_orcamento_nao_corrompem_base) ... ok
testes (3.11, regressoes-b)	Testes novos	2026-10-09T12:36:14.2414806Z test_expiracao_e_limpeza (testes_raciocinio_ativo.TestesMemoriaRaciocinio.test_expiracao_e_limpeza) ... ok
testes (3.11, regressoes-b)	Testes novos	2026-10-09T12:36:14.2418515Z test_hipoteses_novas_e_nao_fatos (testes_raciocinio_ativo.TestesMemoriaRaciocinio.test_hipoteses_novas_e_nao_fatos) ... ok
testes (3.11, regressoes-b)	Testes novos	2026-10-09T12:36:14.2420901Z test_nao_intercepta_relato_codigo_ou_citacao (testes_raciocinio_ativo.TestesMemoriaRaciocinio.test_nao_intercepta_relato_codigo_ou_citacao) ... ok
testes (3.11, regressoes-b)	Testes novos	2026-10-09T12:36:14.2427034Z test_revisao_retracao_e_recomputacao (testes_raciocinio_ativo.TestesMemoriaRaciocinio.test_revisao_retracao_e_recomputacao) ... ok
testes (3.11, regressoes-b)	Testes novos	2026-10-09T12:36:14.2432471Z test_abducao_e_somente_hipotese_coerente (testes_raciocinio_ativo.TestesSistemaPremissas.test_abducao_e_somente_hipotese_coerente) ... ok
testes (3.11, regressoes-b)	Testes novos	2026-10-09T12:36:14.2434725Z test_abducao_tambem_explora_negacoes_logicas (testes_raciocinio_ativo.TestesSistemaPremissas.test_abducao_tambem_explora_negacoes_logicas) ... ok
testes (3.11, regressoes-b)	Testes novos	2026-10-09T12:36:14.2441213Z test_condicoes_negativas_disjuncao_e_contrapositiva (testes_raciocinio_ativo.TestesSistemaPremissas.test_condicoes_negativas_disjuncao_e_contrapositiva) ... ok
testes (3.11, regressoes-b)	Testes novos	2026-10-09T12:36:14.2443512Z test_conflito_nao_prova_qualquer_coisa (testes_raciocinio_ativo.TestesSistemaPremissas.test_conflito_nao_prova_qualquer_coisa) ... ok
testes (3.11, regressoes-b)	Testes novos	2026-10-09T12:36:14.2445452Z test_limites_sem_estado_parcial (testes_raciocinio_ativo.TestesSistemaPremissas.test_limites_sem_estado_parcial) ... ok
testes (3.11, regressoes-b)	Testes novos	2026-10-09T12:36:14.2680024Z test_teorias_sorteadas_contra_oraculo_independente (testes_raciocinio_ativo.TestesSistemaPremissas.test_teorias_sorteadas_contra_oraculo_independente) ... ok
testes (3.11, regressoes-b)	Testes novos	2026-10-09T12:36:14.5803374Z test_cobertura_posicoes_e_arrays_reservados (testes_rede_precisa.PrecisaoTestes.test_cobertura_posicoes_e_arrays_reservados) ... ok
testes (3.11, regressoes-b)	Testes novos	2026-10-09T12:36:14.5809824Z test_gradiente_igualdade (testes_rede_precisa.PrecisaoTestes.test_gradiente_igualdade) ... ok
testes (3.11, regressoes-b)	Testes novos	2026-10-09T12:36:14.5818399Z test_igualdade_depende_dos_pesos_sem_oraculo (testes_rede_precisa.PrecisaoTestes.test_igualdade_depende_dos_pesos_sem_oraculo) ... ok
testes (3.11, regressoes-b)	Testes novos	2026-10-09T12:36:14.5884761Z test_persistencia_e_separacao_formatos (testes_rede_precisa.PrecisaoTestes.test_persistencia_e_separacao_formatos) ... ok
testes (3.11, regressoes-b)	Testes novos	2026-10-09T12:36:14.5886724Z test_rejeita_particoes_e_lotes_invalidos (testes_rede_precisa.PrecisaoTestes.test_rejeita_particoes_e_lotes_invalidos) ... ok
testes (3.11, regressoes-b)	Testes novos	2026-10-09T12:36:14.5891304Z test_baseline_v2_congelada (testes_rede_precisa.ProtocoloTestes.test_baseline_v2_congelada) ... ok
testes (3.11, regressoes-b)	Testes novos	2026-10-09T12:36:14.6159893Z test_base_personalizada_sem_nome_do_objeto (testes_referencias_dialogo.TestesReferenciasConversacionais.test_base_personalizada_sem_nome_do_objeto) ... ok
testes (3.11, regressoes-b)	Testes novos	2026-10-09T12:36:15.8909204Z test_conteudo_de_outro_turno_nao_e_assumido (testes_referencias_dialogo.TestesReferenciasConversacionais.test_conteudo_de_outro_turno_nao_e_assumido) ... ok
testes (3.11, regressoes-b)	Testes novos	2026-10-09T12:36:25.1101370Z test_grupo_social_nao_intercepta_perguntas_com_verbo_falou (testes_referencias_dialogo.TestesReferenciasConversacionais.test_grupo_social_nao_intercepta_perguntas_com_verbo_falou) ... ok
testes (3.11, regressoes-b)	Testes novos	2026-10-09T12:36:30.3239898Z test_outras_referencias_sobre_outros_conceitos (testes_referencias_dialogo.TestesReferenciasConversacionais.test_outras_referencias_sobre_outros_conceitos) ... ok
testes (3.11, regressoes-b)	Testes novos	2026-10-09T12:36:37.2828133Z test_preserva_outras_intencoes (testes_referencias_dialogo.TestesReferenciasConversacionais.test_preserva_outras_intencoes) ... ok
testes (3.11, regressoes-b)	Testes novos	2026-10-09T12:36:40.0769794Z test_reproduz_endpoint_serverless_com_historico_de_perguntas (testes_referencias_dialogo.TestesReferenciasConversacionais.test_reproduz_endpoint_serverless_com_historico_de_perguntas) ... ok
testes (3.11, regressoes-b)	Testes novos	2026-10-09T12:36:41.3832459Z test_reproduz_print_sem_confundir_falou_com_despedida (testes_referencias_dialogo.TestesReferenciasConversacionais.test_reproduz_print_sem_confundir_falou_com_despedida) ... ok
testes (3.11, regressoes-b)	Testes novos	2026-10-09T12:36:45.0391753Z test_sem_contexto_pede_esclarecimento (testes_referencias_dialogo.TestesReferenciasConversacionais.test_sem_contexto_pede_esclarecimento) ... ok
testes (3.11, regressoes-b)	Testes novos	2026-10-09T12:36:47.2033314Z test_api_e_base_personalizada (testes_saudacoes_compostas.TestesSaudacoesEIntencoes.test_api_e_base_personalizada) ... ok
testes (3.11, regressoes-b)	Testes novos	2026-10-09T12:36:55.3435324Z test_compostos_conhecidos_permanecem_funcionais (testes_saudacoes_compostas.TestesSaudacoesEIntencoes.test_compostos_conhecidos_permanecem_funcionais) ... ok
testes (3.11, regressoes-b)	Testes novos	2026-10-09T12:37:00.0467951Z test_mencoes_sobre_turno_anterior_sem_inventar (testes_saudacoes_compostas.TestesSaudacoesEIntencoes.test_mencoes_sobre_turno_anterior_sem_inventar) ... ok
testes (3.11, regressoes-b)	Testes novos	2026-10-09T12:37:04.5914417Z test_pergunta_ambigua_em_muitos_conceitos_nao_inventa_fatos (testes_saudacoes_compostas.TestesSaudacoesEIntencoes.test_pergunta_ambigua_em_muitos_conceitos_nao_inventa_fatos) ... ok
testes (3.11, regressoes-b)	Testes novos	2026-10-09T12:37:05.8844357Z test_pergunta_da_captura_nao_vira_resposta_aleatoria (testes_saudacoes_compostas.TestesSaudacoesEIntencoes.test_pergunta_da_captura_nao_vira_resposta_aleatoria) ... ok
testes (3.11, regressoes-b)	Testes novos	2026-10-09T12:37:36.5457421Z test_repetir_saudacao_explicita_sem_relogio_do_servidor (testes_saudacoes_compostas.TestesSaudacoesEIntencoes.test_repetir_saudacao_explicita_sem_relogio_do_servidor) ... ok
testes (3.11, regressoes-b)	Testes novos	2026-10-09T12:37:48.9893463Z test_saudacoes_informais_sem_engolir_consultas (testes_saudacoes_compostas.TestesSaudacoesEIntencoes.test_saudacoes_informais_sem_engolir_consultas) ... ok
testes (3.11, regressoes-b)	Testes novos	2026-10-09T12:37:50.5109728Z test_conhecimento_novo_resolve_ambiguidade_antiga_com_prova (testes_semantica_programacao.TestesSemanticaProgramacao.test_conhecimento_novo_resolve_ambiguidade_antiga_com_prova) ... ok
testes (3.11, regressoes-b)	Testes novos	2026-10-09T12:37:54.0648447Z test_const_sem_liberar_negacoes_genericas (testes_semantica_programacao.TestesSemanticaProgramacao.test_const_sem_liberar_negacoes_genericas) ... ok
testes (3.11, regressoes-b)	Testes novos	2026-10-09T12:37:56.5998944Z test_entrada_escrita_eh_entrada_python (testes_semantica_programacao.TestesSemanticaProgramacao.test_entrada_escrita_eh_entrada_python) ... ok
testes (3.11, regressoes-b)	Testes novos	2026-10-09T12:37:57.7746868Z test_javascript_manipulando_html (testes_semantica_programacao.TestesSemanticaProgramacao.test_javascript_manipulando_html) ... ok
testes (3.11, regressoes-b)	Testes novos	2026-10-09T12:38:00.3017559Z test_revisar_mudancas_nao_eh_fazer_commit (testes_semantica_programacao.TestesSemanticaProgramacao.test_revisar_mudancas_nao_eh_fazer_commit) ... ok
testes (3.11, regressoes-b)	Testes novos	2026-10-09T12:38:00.3018775Z test_pesos_aprovados (testes_voz.Catraca.test_pesos_aprovados) ... ok
testes (3.11, regressoes-b)	Testes novos	2026-10-09T12:39:00.4610754Z test_teste_congelado (testes_voz.Catraca.test_teste_congelado) ... ok
testes (3.11, regressoes-b)	Testes novos	2026-10-09T12:39:00.4615933Z test_tutor_e_teste_congelado_sao_disjuntos (testes_voz.Catraca.test_tutor_e_teste_congelado_sao_disjuntos) ... ok
testes (3.11, regressoes-b)	Testes novos	2026-10-09T12:39:01.5510671Z test_genero_e_numero_do_nome (testes_voz.FormaDaVoz.test_genero_e_numero_do_nome) ... ok
testes (3.11, regressoes-b)	Testes novos	2026-10-09T12:39:01.5512966Z test_pronome_nao_entra_antes_de_verbo_impessoal (testes_voz.FormaDaVoz.test_pronome_nao_entra_antes_de_verbo_impessoal) ... ok
testes (3.11, regressoes-b)	Testes novos	2026-10-09T12:39:01.5515003Z test_sigla_e_nome_proprio_nao_viram_minuscula (testes_voz.FormaDaVoz.test_sigla_e_nome_proprio_nao_viram_minuscula) ... ok
testes (3.11, regressoes-b)	Testes novos	2026-10-09T12:39:01.5516805Z test_palavra_nova_e_detectada (testes_voz.GuardaDeFidelidade.test_palavra_nova_e_detectada) ... ok
testes (3.11, regressoes-b)	Testes novos	2026-10-09T12:39:02.6444873Z test_sem_pesos_fica_desligada (testes_voz.GuardaDeFidelidade.test_sem_pesos_fica_desligada) ... ok
testes (3.11, regressoes-b)	Testes novos	2026-10-09T12:39:02.6446123Z test_oferta_especifica_vem_do_acervo (testes_voz.OfertasCumpridas.test_oferta_especifica_vem_do_acervo) ... ok
testes (3.11, regressoes-b)	Testes novos	2026-10-09T12:39:06.3761877Z test_oferta_vale_so_para_a_fala_seguinte (testes_voz.OfertasCumpridas.test_oferta_vale_so_para_a_fala_seguinte) ... ok
testes (3.11, regressoes-b)	Testes novos	2026-10-09T12:39:07.8463667Z test_sim_depois_da_ligacao_responde_a_relacao_sem_repetir_a_oferta (testes_voz.OfertasCumpridas.test_sim_depois_da_ligacao_responde_a_relacao_sem_repetir_a_oferta) ... ok
testes (3.11, regressoes-b)	Testes novos	2026-10-09T12:39:09.2523355Z test_sim_depois_da_oferta_generica_continua (testes_voz.OfertasCumpridas.test_sim_depois_da_oferta_generica_continua) ... ok
testes (3.11, regressoes-b)	Testes novos	2026-10-09T12:39:11.9382123Z test_aspecto_nao_ganha_sujeito_nem_limite_alheio (testes_voz.VozNoChat.test_aspecto_nao_ganha_sujeito_nem_limite_alheio) ... ok
testes (3.11, regressoes-b)	Testes novos	2026-10-09T12:39:16.9798487Z test_comparacao_e_recusa_ficam_como_estao (testes_voz.VozNoChat.test_comparacao_e_recusa_ficam_como_estao) ... ok
testes (3.11, regressoes-b)	Testes novos	2026-10-09T12:39:18.5084812Z test_composicao_pura_ganha_voz (testes_voz.VozNoChat.test_composicao_pura_ganha_voz) ... ok
testes (3.11, regressoes-b)	Testes novos	2026-10-09T12:39:19.7045588Z test_sem_voz_o_texto_de_sempre_volta (testes_voz.VozNoChat.test_sem_voz_o_texto_de_sempre_volta) ... ok
testes (3.11, regressoes-b)	Testes novos	2026-10-09T12:39:22.1629161Z test_sem_voz_preserva_os_fatos_com_ambos_os_escritores (testes_voz.VozNoChat.test_sem_voz_preserva_os_fatos_com_ambos_os_escritores) ... ok
testes (3.11, regressoes-b)	Testes novos	2026-10-09T12:40:35.3493361Z test_perguntas_do_menu_tem_resposta (testes_web.TestesAssuntosDaPagina.test_perguntas_do_menu_tem_resposta) ... ok
testes (3.11, regressoes-b)	Testes novos	2026-10-09T12:40:36.4756415Z test_corpo_ja_recebido_sem_length_preserva_conversa (testes_web.TestesCorpoServerless.test_corpo_ja_recebido_sem_length_preserva_conversa) ... ok
testes (3.11, regressoes-b)	Testes novos	2026-10-09T12:40:36.4762939Z test_limite_vazio_e_json_invalido_mesmo_sem_length (testes_web.TestesCorpoServerless.test_limite_vazio_e_json_invalido_mesmo_sem_length) ... ok
testes (3.11, regressoes-b)	Testes novos	2026-10-09T12:40:36.4768540Z test_sem_length_socket_nao_e_lido_e_cabecalho_invalido_nao_e_ignorado (testes_web.TestesCorpoServerless.test_sem_length_socket_nao_e_lido_e_cabecalho_invalido_nao_e_ignorado) ... ok
testes (3.11, regressoes-b)	Testes novos	2026-10-09T12:40:37.6402353Z test_conhecimento_e_provas_de_fatos (testes_web.TestesWebCore.test_conhecimento_e_provas_de_fatos) ... ok
testes (3.11, regressoes-b)	Testes novos	2026-10-09T12:40:37.6405461Z test_mensagem_invalida (testes_web.TestesWebCore.test_mensagem_invalida) ... ok
testes (3.11, regressoes-b)	Testes novos	2026-10-09T12:40:38.8176280Z test_payload_nao_escreve_em_arquivos_de_conhecimento (testes_web.TestesWebCore.test_payload_nao_escreve_em_arquivos_de_conhecimento) ... ok
testes (3.11, regressoes-b)	Testes novos	2026-10-09T12:40:41.3825830Z test_reconstroi_contexto_em_vez_de_salvar_no_servidor (testes_web.TestesWebCore.test_reconstroi_contexto_em_vez_de_salvar_no_servidor) ... ok
testes (3.11, regressoes-b)	Testes novos	2026-10-09T12:40:42.5122964Z test_responde_usando_mesmo_crivo (testes_web.TestesWebCore.test_responde_usando_mesmo_crivo) ... ok
testes (3.11, regressoes-b)	Testes novos	2026-10-09T12:40:42.5129167Z test_frontend_texto_seguro (testes_web.TestesWebHTTP.test_frontend_texto_seguro) ... ok
testes (3.11, regressoes-b)	Testes novos	2026-10-09T12:40:42.5137497Z test_home_assets_and_health (testes_web.TestesWebHTTP.test_home_assets_and_health) ... 127.0.0.1 - - [09/Oct/2026 12:40:42] "GET / HTTP/1.1" 200 -
testes (3.11, regressoes-b)	Testes novos	2026-10-09T12:40:42.5145770Z 127.0.0.1 - - [09/Oct/2026 12:40:42] "GET /styles.css HTTP/1.1" 200 -
testes (3.11, regressoes-b)	Testes novos	2026-10-09T12:40:42.5154646Z 127.0.0.1 - - [09/Oct/2026 12:40:42] "GET /app.js HTTP/1.1" 200 -
testes (3.11, regressoes-b)	Testes novos	2026-10-09T12:40:42.5162351Z 127.0.0.1 - - [09/Oct/2026 12:40:42] "GET /favicon.svg HTTP/1.1" 200 -
testes (3.11, regressoes-b)	Testes novos	2026-10-09T12:40:42.5169999Z 127.0.0.1 - - [09/Oct/2026 12:40:42] "GET /api/chat HTTP/1.1" 200 -
testes (3.11, regressoes-b)	Testes novos	2026-10-09T12:40:42.5173114Z ok
testes (3.11, regressoes-b)	Testes novos	2026-10-09T12:40:43.7823890Z test_http_gerador_reconstroi_poema_e_personagens (testes_web.TestesWebHTTP.test_http_gerador_reconstroi_poema_e_personagens) ... 127.0.0.1 - - [09/Oct/2026 12:40:43] "POST /api/chat HTTP/1.1" 200 -
testes (3.11, regressoes-b)	Testes novos	2026-10-09T12:40:43.7826865Z ok
testes (3.11, regressoes-b)	Testes novos	2026-10-09T12:40:44.9702411Z test_http_post_retorna_resposta_real (testes_web.TestesWebHTTP.test_http_post_retorna_resposta_real) ... 127.0.0.1 - - [09/Oct/2026 12:40:44] "POST /api/chat HTTP/1.1" 200 -
testes (3.11, regressoes-b)	Testes novos	2026-10-09T12:40:44.9704599Z ok
testes (3.11, regressoes-b)	Testes novos	2026-10-09T12:40:44.9712978Z test_rejeita_content_type_e_json_ruins (testes_web.TestesWebHTTP.test_rejeita_content_type_e_json_ruins) ... 127.0.0.1 - - [09/Oct/2026 12:40:44] "POST /api/chat HTTP/1.1" 415 -
testes (3.11, regressoes-b)	Testes novos	2026-10-09T12:40:44.9720917Z 127.0.0.1 - - [09/Oct/2026 12:40:44] "POST /api/chat HTTP/1.1" 400 -
testes (3.11, regressoes-b)	Testes novos	2026-10-09T12:40:44.9729176Z 127.0.0.1 - - [09/Oct/2026 12:40:44] "GET /api/nao-existe HTTP/1.1" 404 -
testes (3.11, regressoes-b)	Testes novos	2026-10-09T12:40:44.9733030Z ok
testes (3.11, regressoes-b)	Testes novos	2026-10-09T12:40:44.9941034Z test_causas_podem_coexistir_e_uma_restante_nao_e_prova (testes_workspace_cognitivo.ControleInvestigacao.test_causas_podem_coexistir_e_uma_restante_nao_e_prova) ... ok
testes (3.11, regressoes-b)	Testes novos	2026-10-09T12:40:44.9944548Z test_esclarece_ambiente_antes_de_simular_gc (testes_workspace_cognitivo.ControleInvestigacao.test_esclarece_ambiente_antes_de_simular_gc) ... ok
testes (3.11, regressoes-b)	Testes novos	2026-10-09T12:40:44.9948250Z test_escolhe_pergunta_que_diferencia_crescimento_transitorio (testes_workspace_cognitivo.ControleInvestigacao.test_escolhe_pergunta_que_diferencia_crescimento_transitorio) ... ok
testes (3.11, regressoes-b)	Testes novos	2026-10-09T12:40:44.9951927Z test_gerador_nao_pode_fabricar_uma_medicao (testes_workspace_cognitivo.ControleInvestigacao.test_gerador_nao_pode_fabricar_uma_medicao) ... ok
testes (3.11, regressoes-b)	Testes novos	2026-10-09T12:40:44.9954463Z test_orcamento_numerico_e_modelo_inconsistente_sao_recusados (testes_workspace_cognitivo.ControleInvestigacao.test_orcamento_numerico_e_modelo_inconsistente_sao_recusados) ... ok
testes (3.11, regressoes-b)	Testes novos	2026-10-09T12:40:44.9958638Z test_revisao_reabre_hipoteses_sem_carregar_conclusao_antiga (testes_workspace_cognitivo.ControleInvestigacao.test_revisao_reabre_hipoteses_sem_carregar_conclusao_antiga) ... ok
testes (3.11, regressoes-b)	Testes novos	2026-10-09T12:40:44.9961522Z test_rss_nao_e_heap_e_ambiente_outro_exige_outro_modelo (testes_workspace_cognitivo.ControleInvestigacao.test_rss_nao_e_heap_e_ambiente_outro_exige_outro_modelo) ... ok
testes (3.11, regressoes-b)	Testes novos	2026-10-09T12:40:45.0005449Z test_sem_nova_evidencia_nao_habilita_um_loop_infinito (testes_workspace_cognitivo.ControleInvestigacao.test_sem_nova_evidencia_nao_habilita_um_loop_infinito) ... ok
testes (3.11, regressoes-b)	Testes novos	2026-10-09T12:40:45.0010416Z test_transferencia_para_outro_modelo_sem_frases_de_diagnostico_js (testes_workspace_cognitivo.ControleInvestigacao.test_transferencia_para_outro_modelo_sem_frases_de_diagnostico_js) ... ok
testes (3.11, regressoes-b)	Testes novos	2026-10-09T12:40:45.0015816Z test_validacao_atomica_e_snapshot_isolado (testes_workspace_cognitivo.ControleInvestigacao.test_validacao_atomica_e_snapshot_isolado) ... ok
testes (3.11, regressoes-b)	Testes novos	2026-10-09T12:40:45.0018340Z test_correcao_preserva_rastro_e_replay_antigo_nao_reverte (testes_workspace_cognitivo.MemoriaComOrigem.test_correcao_preserva_rastro_e_replay_antigo_nao_reverte) ... ok
testes (3.11, regressoes-b)	Testes novos	2026-10-09T12:40:45.0020910Z test_hipotese_geracao_e_citacao_nao_substituem_relato (testes_workspace_cognitivo.MemoriaComOrigem.test_hipotese_geracao_e_citacao_nao_substituem_relato) ... ok
testes (3.11, regressoes-b)	Testes novos	2026-10-09T12:40:45.0022590Z test_orcamento_e_isolamento (testes_workspace_cognitivo.MemoriaComOrigem.test_orcamento_e_isolamento) ... ok
testes (3.11, regressoes-b)	Testes novos	2026-10-09T12:40:45.0024677Z test_repeticao_nao_certifica_e_origem_nao_verifica_sozinha (testes_workspace_cognitivo.MemoriaComOrigem.test_repeticao_nao_certifica_e_origem_nao_verifica_sozinha) ... ok
testes (3.11, regressoes-b)	Testes novos	2026-10-09T12:40:45.0025681Z 
testes (3.11, regressoes-b)	Testes novos	2026-10-09T12:40:45.0026007Z ======================================================================
testes (3.11, regressoes-b)	Testes novos	2026-10-09T12:40:45.0027550Z ERROR: test_objetivos_e_preferencias_vao_para_a_memoria_opcional (testes_compreensao_intencao.MemoriaEntreConversas.test_objetivos_e_preferencias_vao_para_a_memoria_opcional)
testes (3.11, regressoes-b)	Testes novos	2026-10-09T12:40:45.0028938Z ----------------------------------------------------------------------
testes (3.11, regressoes-b)	Testes novos	2026-10-09T12:40:45.0029554Z Traceback (most recent call last):
testes (3.11, regressoes-b)	Testes novos	2026-10-09T12:40:45.0031011Z   File "/home/runner/work/CRIVO/CRIVO/testes_compreensao_intencao.py", line 205, in test_objetivos_e_preferencias_vao_para_a_memoria_opcional
testes (3.11, regressoes-b)	Testes novos	2026-10-09T12:40:45.0032194Z     self.assertEqual(r["memory"]["objetivos"], ["revisar o contrato"])
testes (3.11, regressoes-b)	Testes novos	2026-10-09T12:40:45.0032833Z                      ~~~~~~~~~~~^^^^^^^^^^^^^
testes (3.11, regressoes-b)	Testes novos	2026-10-09T12:40:45.0033283Z KeyError: 'objetivos'
testes (3.11, regressoes-b)	Testes novos	2026-10-09T12:40:45.0033494Z 
testes (3.11, regressoes-b)	Testes novos	2026-10-09T12:40:45.0033866Z ----------------------------------------------------------------------
testes (3.11, regressoes-b)	Testes novos	2026-10-09T12:40:45.0034418Z Ran 628 tests in 2470.181s
testes (3.11, regressoes-b)	Testes novos	2026-10-09T12:40:45.0034650Z 
testes (3.11, regressoes-b)	Testes novos	2026-10-09T12:40:45.0034849Z FAILED (errors=1, skipped=37)
testes (3.11, regressoes-b)	Testes novos	2026-10-09T12:40:45.3273520Z ##[error]Process completed with exit code 1.
